{
  "revised_post2022": {
    "n": 18,
    "hit": 1,
    "pct": 5.555555555555555
  },
  "not_revised_post2022": {
    "n": 2482,
    "hit": 30,
    "pct": 1.20870265914585
  },
  "smear_pp": 4.346852896409706
}