{"arxiv": {"n_ids": 16850, "n_exist": 16850, "missing": []}, "doi": {"n_doi": 56706, "checked": 2500, "missing": ["10.26131/irsa178", "10.48550/arxiv.2410.13985", "10.48550/arxiv.1409.1225", "10.5281/zenodo.5720333", "10.48550/arxiv.astro-ph/0510346", "10.48550/arxiv.2210.13314", "10.48550/arxiv.2403.18661", "10.5281/zenodo.3828935", "10.5281/zenodo.2567476", "10.1038/s41467-020-16110-1)/doi(10.1038/s41467-020-16110-1)/author(a", "10.48550/arxiv.2401.17029", "10.48550/arxiv.2001.01761", "10.3847/1538-4357/ac082c", "10.5281/zenodo.15732789", "10.5281/zenodo.5606094", "10.5281/zenodo.4487613", "10.48550/arxiv.astro-ph/9809187", "10.48550/arxiv.2303.10187", "10.48550/arxiv.2412.13973", "10.71929/rubin/2561361", "10.48550/arxiv.2508.21510", "10.48550/arxiv.2506.05476", "10.5281/zenodo.5898785", "10.1051/0004-6361/20111705810.48550/arxiv.1106.3265", "10.48550/arxiv.2208.08808", "10.48550/arxiv.2509.13412", "10.1086/31138", "10.48550/arxiv.2408.01563", "10.48550/arxiv.1403.5237", "10.48550/arxiv.2212.04515", "10.5281/zenodo.22558", "10.6084/m9.figshare.7093199", "10.5281/zenodo.12771915", "10.48550/arxiv.2404.15441", "10.17909/p40f-yy93", "10.48550/arxiv.2411.11959", "10.25574/00740", "10.48550/arxiv.2208.07230", "10.48550/arxiv.2503.02607", "10.5281/zenodo.18860904", "10.48550/arxiv.2411.17862", "10.48550/arxiv.1802.03426", "10.5281/zenodo.5012699", "10.48550/arxiv.2310.11487", "10.48550/arxiv.2201.11126", "10.48550/arxiv.2511.04673", "10.48550/arxiv.2302.13061", "10.48550/arxiv.2311.12098", "10.48550/arxiv.2007.06823", "10.48550/arxiv.2301.03608", "10.48550/arxiv.2309.05707", "10.25572/sihpc", "10.48550/arxiv.2504.03839", "10.48550/arxiv.2502.13262", "10.48550/arxiv.1201.0490", "10.48550/arxiv.2506.21660", "10.48550/arxiv.1805.05489", "10.48550/arxiv.2505.11263", "10.48550/arxiv.2110.15209", "10.25574/4470", "10.5281/zenodo.5770803", "10.17909/eav1-0619", "10.5281/zenodo.17672650", "10.5281/zenodo.15710795", "10.17909/z6pj-wt47", "10.48550/arxiv.2303.08838", "10.5281/zenodo.19599318", "10.5281/zenodo.10035615", "10.26131/irsa549", "10.48550/arxiv.2401.07692", "10.48550/arxiv.2012.05559", "10.48550/arxiv.2212.08670", "10.48550/arxiv.astro-ph/0002273", "10.3847/2041-8213/ace280", "10.48550/arxiv.2306.02470", "10.7936/wrmz-1n98", "10.25574/cdc.156", "10.48550/arxiv.astro-ph/9811301", "10.48550/arxiv.2406.07601", "10.48550/arxiv.2507.01371", "10.48550/arxiv.2508.03842", "10.5281/zenodo.15171451", "10.48550/arxiv.2406.15270", "10.48550/arxiv.2510.18868", "10.48550/arxiv.1609.03112", "10.7910/dvn/c2mhth", "10.17909/0cp4-2j79", "10.48550/arxiv.2112.09374", "10.48550/arxiv.2307.09393", "10.48550/arxiv.1710.10854", "10.5281/zenodo.17670200", "10.48550/arxiv.2407.10877", "10.1142/9789812834300", "10.48550/arxiv.2208.02794", "10.48550/arxiv.astro-ph/0612759", "10.1046/j.1365-8711.2002.05848.x10.48550/arxiv.astro-ph/0207514", "10.48550/arxiv.2411.11986", "10.48550/arxiv.1603.01553", "10.5281/zenodo.12192605", "10.48550/arxiv.2410.08116", "10.17909/7vae-tz90", "10.48550/arxiv.2509.02842", "10.17909/npy2-w182", "10.48550/arxiv.2003.06505", "10.48550/arxiv.2410.07905", "10.48550/arxiv.2406.18730", "10.48550/arxiv.2406.10341", "10.48550/arxiv.1412.6980", "10.48550/arxiv.2204.00461", "10.5281/zenodo.5796924", "10.5281/zenodo.6773258", "10.48550/arxiv.2010.11929", "10.48550/arxiv.2405.18923", "10.11648/j.xxxx.2025xxxx.xx", "10.5555/3294771.3294994", "10.48550/arxiv.2001.06683", "10.48550/arxiv.astro-ph/0506508", "10.48550/arxiv.2306.00487", "10.48550/arxiv.2506.16684", "10.48550/arxiv.1212.6972", "10.48550/arxiv.2405.16365", "10.48550/arxiv.2301.08762", "10.48550/arxiv.1907.05600", "10.48550/arxiv.2301.08579", "10.48550/arxiv.2407.17541", "10.48550/arxiv.2506.00758", "10.48550/arxiv.1902.00905", "10.48550/arxiv.2309.04533", "10.48550/arxiv.1512.05722", "10.48550/arxiv.1902.10541", "10.48550/arxiv.2301.05718", "10.48550/arxiv.2304.14671", "10.48550/arxiv.1706.03762", "10.5281/zenodo.6878414"]}}