{"arxiv": {"n_ids": 5926, "n_exist": 5926, "missing": []}, "doi": {"n_doi": 10851, "checked": 2500, "missing": ["10.48550/arxiv.2404.03576", "10.48550/arxiv.2507.17742", "10.48550/arxiv.2203.09759", "10.48550/arxiv.2504.07169", "10.48550/arxiv.1907.07648", "10.48550/arxiv.2404.18100", "10.48550/arxiv.astro-ph/9905275", "10.48550/arxiv.2410.00102", "10.11316/jpsgaiyo.77.2.0_2382", "10.17909/2sff-fn29", "10.25574/00740", "10.48550/arxiv.2406.15270", "10.48550/arxiv.2402.18543", "10.48550/arxiv.2602.11838", "10.48550/arxiv.astro-ph/0411543", "10.18434/t4w30f", "10.5281/zenodo.7117214", "10.48550/arxiv.2501.07469", "10.5303/jkas.2021.54.3.89", "10.26131/irsa629", "10.48550/arxiv.2411.18046", "10.17909/0cp4-2j79", "10.5281/zenodo.20273040", "10.48550/arxiv.astro-ph/0007407", "10.48550/arxiv.1612.05560", "10.48550/arxiv.1702.00786", "10.48550/arxiv.2503.12950", "10.48550/arxiv.2305.09388", "10.48550/arxiv.2510.17357", "10.48550/arxiv.2412.08688", "10.48550/arxiv.astro-ph/0002411", "10.11316/jpsgaiyo.74.1.0_2776", "10.5281/zenodo.19013723", "10.48550/arxiv.2412.08601", "10.5281/zenodo.13989456", "10.1016/s0370-1573", "10.48550/arxiv.2511.22575", "10.48550/arxiv.astro-ph/0004014", "10.48550/arxiv.2203.10066", "10.48550/arxiv.2412.01766", "10.48550/arxiv.2303.08918", "10.48550/arxiv.2403.14606", "10.48550/arxiv.2408.03374", "10.5281/zenodo.1482019", "10.48550/arxiv.2410.10988", "10.48550/arxiv.2305.14418", "10.3847/2041-8213/aae94f", "10.5281/zenodo.20293702", "10.48550/arxiv.2505.22742", "10.5281/zenodo.5898785", "10.48550/arxiv.2404.10486", "10.48550/arxiv.2507.16893", "10.5281/zenodo.14850268", "10.48550/arxiv.2508.18364", "10.48550/arxiv.2502.19494", "10.48550/arxiv.2203.10056", "10.5281/zenodo.20806732", "10.48550/arxiv.2409.03232", "10.48550/arxiv.2506.20068", "10.5281/zenodo.15348712", "10.48550/arxiv.astro-ph/9905116", "10.26131/irsa551", "10.48550/arxiv.2501.03309", "10.48550/arxiv.2401.04919", "10.18727/0722-6691/5125", "10.48550/arxiv.2603.19019", "10.5281/zenodo.7949403", "10.48550/arxiv.2511.04673", "10.48550/arxiv.2405.05969", "10.48550/arxiv.2005.14165", "10.18727/0722-6691/5117", "10.48550/arxiv.2410.21381", "10.5281/zenodo.17306805", "10.18727/0722-6691/5127", "10.48550/arxiv.2304.03360", "10.48550/arxiv.2512.16638", "10.48550/arxiv.2506.03245", "10.48550/arxiv.2601.10393", "10.48550/arxiv.2404.13833", "10.48550/arxiv.2512.15239", "10.5281/zenodo.14814815", "10.48550/arxiv.astro-ph/0404136", "10.48550/arxiv.2405.17558", "10.17909/fwdt-2x66", "10.48550/arxiv.2302.12378", "10.48550/arxiv.1004.0293", "10.1175/1520-0469(1992)049", "10.48550/arxiv.2410.22276", "10.48550/arxiv.2412.03645", "10.48550/arxiv.2604.22105", "10.48550/arxiv.2508.04497", "10.48550/arxiv.2408.08358", "10.48550/arxiv.2405.03841", "10.5281/zenodo.2559634", "10.1142/s0217732319502646", "10.48550/arxiv.2212.11301", "10.48550/arxiv.2108.07278", "10.48550/arxiv.1509.07577", "10.21234/sxvs-mt83", "10.48550/arxiv.2503.14745", "10.5281/zenodo.16952803", "10.5281/zenodo.16053484", "10.48550/arxiv.2508.12486", "10.48550/arxiv.astro-ph/0207156", "10.48550/arxiv.2101.03848", "10.48550/arxiv.2310.03998", "10.1142/9789814678506", "10.48550/arxiv.2410.21978", "10.48550/arxiv.2409.13047", "10.5281/zenodo.14924586", "10.48550/arxiv.2504.11608", "10.48550/arxiv.2411.17862", "10.3847/2041-8213/ac361f", "10.48550/arxiv.2310.12340", "10.48550/arxiv.astro-ph/0602041", "10.17909/t9-ge0b-jm58", "10.48550/arxiv.2409.20533", "10.48550/arxiv.2411.05965", "10.48550/arxiv.2508.13412", "10.48550/arxiv.2511.02155", "10.48550/arxiv.2410.10933", "10.5281/zenodo.12692459", "10.13039/501100011033/feder"]}}