marker,q,quarter,year,obs_rate,bg_rate,pi,assisted_rate,excess_ratio
delve,0,2015Q1,2015,6.201264154274696e-07,3.6077561296253864e-07,0.0,,1.7188701041493644
delve,1,2015Q2,2015,4.789917902113499e-07,3.7577904198528356e-07,0.0,,1.2746633970877717
delve,2,2015Q3,2015,3.053710980826229e-07,3.9140641252278846e-07,0.0,,0.7801893078715044
delve,3,2015Q4,2015,3.8108600704687306e-07,4.076836721776494e-07,0.0,,0.9347590621211184
delve,4,2016Q1,2016,4.832611516904035e-07,4.24637847624881e-07,0.0,,1.138054825761338
delve,5,2016Q2,2016,4.2726234557457047e-07,4.422970894868652e-07,0.0,,0.9660075902155779
delve,6,2016Q3,2016,4.1462586090322344e-07,4.606907190744937e-07,0.0,,0.9000091465619008
delve,7,2016Q4,2016,4.759454964668781e-07,4.798492770721187e-07,0.0,,0.9918645691641755
delve,8,2017Q1,2017,4.3822382799118766e-07,4.998045742471374e-07,0.0,,0.8767903508111953
delve,9,2017Q2,2017,6.788373146010439e-07,5.205897442684238e-07,0.0,,1.3039775025821971
delve,10,2017Q3,2017,8.048165645142652e-07,5.422392987212934e-07,0.0,,1.4842461002221354
delve,11,2017Q4,2017,5.382135876018348e-07,5.647891844103592e-07,0.0,,0.9529459884465221
delve,12,2018Q1,2018,2.06248462159904e-07,5.882768430454086e-07,0.0,,0.35059762184788884
delve,13,2018Q2,2018,4.5846995738063274e-07,6.127412734094219e-07,0.0,,0.7482276407293554
delve,14,2018Q3,2018,5.968400423326705e-07,6.382230961119415e-07,0.0,,0.9351589529877926
delve,15,2018Q4,2018,6.209700187273599e-07,6.64764621035319e-07,0.0,,0.9341201367790115
delve,16,2019Q1,2019,3.843354258219369e-07,6.924099175858122e-07,0.0,,0.5550692098142935
delve,17,2019Q2,2019,4.5181745264642473e-07,7.212048878661956e-07,0.0,,0.626475860394127
delve,18,2019Q3,2019,7.219659884710695e-07,7.511973428913645e-07,0.0,,0.961086983737478
delve,19,2019Q4,2019,3.7826997442109884e-06,7.824370819734944e-07,0.0,,4.834509804507361
delve,20,2020Q1,2020,8.153287346346714e-07,8.149759754085447e-07,0.0066251231857163,8.682216609962893e-07,1.0004328461657412
delve,21,2020Q2,2020,8.47612866254742e-07,8.488680506014251e-07,0.0082047179568557,6.958848093390884e-07,0.9985213433986663
delve,22,2020Q3,2020,5.015023687987502e-06,8.84169581772815e-07,0.0099446543138359,0.00041626855357865743,5.6720156306803355
delve,23,2020Q4,2020,8.715843922557743e-07,9.209391833965698e-07,0.0120938189286729,-3.1600538785866616e-06,0.9464081971637179
delve,24,2021Q1,2021,8.707753186476155e-06,9.592379075228866e-07,0.0134601634650189,0.000576622029751811,9.077782600317425
delve,25,2021Q2,2021,2.1422651949634356e-06,9.991293451487988e-07,0.015056340729309,7.692301220397543e-05,2.1441319938855274
delve,26,2021Q3,2021,1.6062044333733616e-06,1.0406797318043352e-06,0.0169425234059064,3.441969229211024e-05,1.5434185794975723
delve,27,2021Q4,2021,1.8084832762654686e-06,1.08395805752963e-06,0.0186303001379809,3.9973574079269194e-05,1.668407060312879
delve,28,2022Q1,2022,4.026367691923994e-06,1.1290361814256211e-06,0.020437028289517,0.00014289776446490776,3.56619899181614
delve,29,2022Q2,2022,1.0540091537820435e-06,1.175988950968526e-06,0.0224213957963651,-4.264341271749256e-06,0.8962747081203256
delve,30,2022Q3,2022,1.3998229732965316e-06,1.224894326286177e-06,0.0255817135073226,8.062929118610879e-06,1.1428112150218952
delve,31,2022Q4,2022,2.658486757557986e-06,1.275833509602611e-06,0.0315770469630995,4.5062488087249616e-05,2.083725452850063
delve,32,2023Q1,2023,1.4205646557250257e-06,1.3288910800658063e-06,0.0453715362686002,3.3493996014548637e-06,1.0689850184370864
delve,33,2023Q2,2023,5.200548157156689e-06,1.384155134182445e-06,0.0783600738841893,5.0087440286958154e-05,3.757200351843803
delve,34,2023Q3,2023,7.773808558535818e-06,1.4417174320928937e-06,0.1455438832721339,4.4948122401399336e-05,5.392047280201666
delve,35,2023Q4,2023,8.700308292760994e-06,1.5016735499292337e-06,0.2014588297189642,3.7234208841998e-05,5.793741451443289
delve,36,2024Q1,2024,7.51223329942067e-06,1.56412303850937e-06,0.2441403906410504,2.5927606054544038e-05,4.802840386891768
delve,37,2024Q2,2024,8.871499346552346e-06,1.6291695886306838e-06,0.2684933101588826,2.860313684925244e-05,5.445411827266453
delve,38,2024Q3,2024,7.606952790508116e-06,1.696921203237664e-06,0.3374619590875166,1.9210099883438943e-05,4.482796712065549
delve,39,2024Q4,2024,5.65292603244024e-06,1.7674903767494304e-06,0.4010375087971567,1.145594986111165e-05,3.198278251922631
delve,40,2025Q1,2025,4.582315029739634e-06,1.8409942818448592e-06,0.4830392021193057,7.5161459794035535e-06,2.489043597217314
delve,41,2025Q2,2025,4.935237612647469e-06,1.9175549640154878e-06,0.6047204670325916,6.9077658352300415e-06,2.573713768450607
delve,42,2025Q3,2025,5.861054946929835e-06,1.9972995442091773e-06,0.736230847313499,7.245321162454967e-06,2.9344897033211392
delve,43,2025Q4,2025,2.6577825407035193e-06,2.0803604299010677e-06,0.8525674304452211,2.757634848536688e-06,1.2775586876692857
delve,44,2026Q1,2026,3.2893123552078886e-06,2.1668755349422373e-06,0.9059333633046016,3.405859400346314e-06,1.517997827824279
delves,0,2015Q1,2015,0.0,6.55657686720296e-08,0.0,,0.0
delves,1,2015Q2,2015,1.3063412460309543e-07,6.528900112141e-08,0.0,,2.0008595990030704
delves,2,2015Q3,2015,0.0,6.501340186758044e-08,0.0,,0.0
delves,3,2015Q4,2015,0.0,6.473896597890286e-08,0.0,,0.0
delves,4,2016Q1,2016,4.393283197185487e-08,6.44656885445567e-08,0.0,,0.6814917045598582
delves,5,2016Q2,2016,0.0,6.419356467445109e-08,0.0,,0.0
delves,6,2016Q3,2016,4.1462586090322345e-08,6.39225894991375e-08,0.0,,0.6486374600153174
delves,7,2016Q4,2016,7.932424941114634e-08,6.365275816972177e-08,0.0,,1.2462028620918295
delves,8,2017Q1,2017,4.3822382799118765e-08,6.338406585777865e-08,0.0,,0.691378538218857
delves,9,2017Q2,2017,8.485466432513049e-08,6.311650775526452e-08,0.0,,1.344413170864207
delves,10,2017Q3,2017,4.235876655338238e-08,6.285007907443157e-08,0.0,,0.6739652070002663
delves,11,2017Q4,2017,7.688765537169068e-08,6.258477504774213e-08,0.0,,1.2285360986444027
delves,12,2018Q1,2018,4.1249692431980804e-08,6.232059092778334e-08,0.0,,0.6618950786230615
delves,13,2018Q2,2018,0.0,6.205752198718223e-08,0.0,,0.0
delves,14,2018Q3,2018,0.0,6.179556351852111e-08,0.0,,0.0
delves,15,2018Q4,2018,7.305529632086588e-08,6.153471083425335e-08,0.0,,1.187220925075016
delves,16,2019Q1,2019,1.1530062774658105e-07,6.127495926661967e-08,0.0,,1.88169244217503
delves,17,2019Q2,2019,3.765145438720206e-08,6.10163041675638e-08,0.0,,0.6170720252705428
delves,18,2019Q3,2019,7.219659884710695e-08,6.07587409086506e-08,0.0,,1.1882504108446372
delves,19,2019Q4,2019,0.0,6.050226488098236e-08,0.0,,0.0
delves,20,2020Q1,2020,4.076643673173357e-08,6.024687149511649e-08,0.0066251231857163,-2.88014143786984e-06,0.6766564921970766
delves,21,2020Q2,2020,6.520098971190323e-08,5.999255618098352e-08,0.0082047179568557,6.948021326110478e-07,1.0868179964728804
delves,22,2020Q3,2020,9.23010494721626e-08,5.973931438780521e-08,0.0099446543138359,3.3340346349455613e-06,1.5450637560548288
delves,23,2020Q4,2020,6.010926843143272e-08,5.948714158401317e-08,0.0120938189286729,1.1092886161378536e-07,1.010458173495207
delves,24,2021Q1,2021,1.0366372841043041e-07,5.923603325716773e-08,0.0134601634650189,3.3599162418388914e-06,1.7500113142347662
delves,25,2021Q2,2021,1.6478963038180274e-07,5.8985984913877265e-08,0.015056340729309,7.08616791245659e-06,2.7937082108979707
delves,26,2021Q3,2021,6.555936462748415e-08,5.873699207971792e-08,0.0169425234059064,4.6141446723007554e-07,1.1161512073772333
delves,27,2021Q4,2021,6.13045178395074e-08,5.8489050299152765e-08,0.0186303001379809,2.096120874752877e-07,1.048136660211688
delves,28,2022Q1,2022,6.600602773645892e-08,5.824215513545329e-08,0.020437028289517,4.3813459796130375e-07,1.1333033192701962
delves,29,2022Q2,2022,3.193967132672859e-08,5.7996302170619186e-08,0.0224213957963651,-1.1041361128021733e-06,0.550719099862011
delves,30,2022Q3,2022,6.362831696802417e-08,5.7751487005299487e-08,0.0255817135073226,2.8747925567265155e-07,1.1017606691613915
delves,31,2022Q4,2022,1.5278659526195324e-07,5.750770525871387e-08,0.0315770469630995,3.074854137766509e-06,2.656802155026038
delves,32,2023Q1,2023,2.2599892250170865e-07,5.726495256857424e-08,0.0453715362686002,3.776203825041983e-06,3.946548671826403
delves,33,2023Q2,2023,3.876184961855917e-07,5.702322459100669e-08,0.0783600738841893,4.275948184809672e-06,6.797554837800671
delves,34,2023Q3,2023,7.433123721309149e-07,5.6782517000473764e-08,0.1455438832721339,4.773778104144364e-06,13.090514675929443
delves,35,2023Q4,2023,1.5684229235249412e-06,5.654282548969703e-08,0.2014588297189642,7.561203207684523e-06,27.738672589163976
delves,36,2024Q1,2024,1.7073257498683342e-06,5.630414576958005e-08,0.2441403906410504,6.8188951278008305e-06,30.323268855821386
delves,37,2024Q2,2024,1.8374626478296121e-06,5.60664735691318e-08,0.2684933101588826,6.690854406297616e-06,32.77293061001885
delves,38,2024Q3,2024,1.545162285571961e-06,5.582980463538945e-08,0.3374619590875166,4.469164228946995e-06,27.676297555813264
delves,39,2024Q4,2024,8.98128435060599e-07,5.559413473334347e-08,0.4010375087971567,2.1564806649092685e-06,16.155093327173095
delves,40,2025Q1,2025,4.091352705124673e-07,5.535945964586101e-08,0.4830392021193057,7.877551105877225e-07,7.390521387487144
delves,41,2025Q2,2025,6.705485886749279e-07,5.51257751736107e-08,0.6047204670325916,1.0728237811981838e-06,12.16397568221275
delves,42,2025Q3,2025,3.989199702098841e-07,5.4893077134987454e-08,0.736230847313499,5.221743576331469e-07,7.267218218226331
delves,43,2025Q4,2025,2.0185690182558373e-07,5.466136136603767e-08,0.8525674304452211,2.2731109580719356e-07,3.6928626872985633
delves,44,2026Q1,2026,1.4783426315541072e-07,5.4430623720384715e-08,0.9059333633046016,1.5753273168814364e-07,2.716012660719256
delving,0,2015Q1,2015,2.2147371979552482e-07,2.370658105007623e-07,0.0,,0.9342288511687883
delving,1,2015Q2,2015,8.708941640206362e-08,2.391022597945228e-07,0.0,,0.3642350200993735
delving,2,2015Q3,2015,3.489955406658547e-07,2.4115620265143103e-07,0.0,,1.447176298302787
delving,3,2015Q4,2015,3.3874311737499827e-07,2.432277893451769e-07,0.0,,1.392699075574258
delving,4,2016Q1,2016,3.9539548774669384e-07,2.4531717144033705e-07,0.0,,1.6117725694666953
delving,5,2016Q2,2016,3.4180987645965634e-07,2.4742450180346205e-07,0.0,,1.381471414383883
delving,6,2016Q3,2016,1.6585034436128938e-07,2.495499346142599e-07,0.0,,0.6645978273552803
delving,7,2016Q4,2016,2.776348729390122e-07,2.5169362537687854e-07,0.0,,1.1030667642984204
delving,8,2017Q1,2017,1.7528953119647506e-07,2.5385573093128207e-07,0.0,,0.6905084653925949
delving,9,2017Q2,2017,2.9699132513795674e-07,2.5603640946472416e-07,0.0,,1.159957389493369
delving,10,2017Q3,2017,4.235876655338238e-07,2.582358205233244e-07,0.0,,1.6403133565103702
delving,11,2017Q4,2017,4.2288210454429876e-07,2.6045412502373997e-07,0.0,,1.6236337378252457
delving,12,2018Q1,2018,1.6499876972792322e-07,2.626914852649372e-07,0.0,,0.62810855693139
delving,13,2018Q2,2018,1.5282331912687758e-07,2.64948064940069e-07,0.0,,0.5768048132808445
delving,14,2018Q3,2018,2.7852535308857955e-07,2.6722402914844987e-07,0.0,,1.042291570769826
delving,15,2018Q4,2018,2.922211852834635e-07,2.695195444076333e-07,0.0,,1.0842300358058459
delving,16,2019Q1,2019,2.306012554931621e-07,2.718347786655982e-07,0.0,,0.8483140259872334
delving,17,2019Q2,2019,4.141659982592227e-07,2.7416990131303467e-07,0.0,,1.5106180374859852
delving,18,2019Q3,2019,2.887863953884278e-07,2.7652508319573603e-07,0.0,,1.0443406871123249
delving,19,2019Q4,2019,2.1411507986099933e-07,2.7890049662710136e-07,0.0,,0.7677113610424218
delving,20,2020Q1,2020,4.076643673173357e-07,2.8129631540074107e-07,0.0066251231857163,1.9355364581639608e-05,1.4492346504310512
delving,21,2020Q2,2020,5.216079176952258e-07,2.837127148031906e-07,0.0082047179568557,2.9278640284891655e-05,1.838507371997978
delving,22,2020Q3,2020,3.3843718139792956e-07,2.861498716267385e-07,0.0099446543138359,5.543980674095587e-06,1.1827270076129757
delving,23,2020Q4,2020,3.9071024480431265e-07,2.886079641823589e-07,0.0120938189286729,8.731125685353316e-06,1.3537749933935979
delving,24,2021Q1,2021,3.801003375049115e-07,2.9108717231275665e-07,0.0134601634650189,6.904169206827993e-06,1.3057955611197982
delving,25,2021Q2,2021,5.932426693744899e-07,2.935876774055277e-07,0.015056340729309,2.019583333963654e-05,2.0206661077094656
delving,26,2021Q3,2021,2.9501714082367867e-07,2.961096624064288e-07,0.0169425234059064,2.316256681054811e-07,0.9963104156282121
delving,27,2021Q4,2021,5.517406605555666e-07,2.98653311832761e-07,0.0186303001379809,1.3883369974923223e-05,1.8474285691649344
delving,28,2022Q1,2022,2.310210970776062e-07,3.012188117868723e-07,0.020437028289517,-3.133611033082178e-06,0.7669544133288244
delving,29,2022Q2,2022,2.874570419405573e-07,3.0380634996977237e-07,0.0224213957963651,-4.2537697910136275e-07,0.9461851010328067
delving,30,2022Q3,2022,4.772123772601812e-07,3.0641611569486375e-07,0.0255817135073226,6.982914213307758e-06,1.5573997345994697
delving,31,2022Q4,2022,8.861622525193288e-07,3.0904829990179575e-07,0.0315770469630995,1.858542332926855e-05,2.8673908020232397
delving,32,2023Q1,2023,6.779967675051259e-07,3.1170309517043274e-07,0.0453715362686002,8.384907188728759e-06,2.175136461620349
delving,33,2023Q2,2023,7.752369923711834e-07,3.1438069573494245e-07,0.0783600738841893,6.195644887973383e-06,2.465917923360007
delving,34,2023Q3,2023,1.8273095814884991e-06,3.170812974980098e-07,0.1455438832721339,1.0693527562620032e-05,5.7629055889049035
delving,35,2023Q4,2023,1.8939446623697403e-06,3.198050980451686e-07,0.2014588297189642,8.133508605210887e-06,5.92218408632824
delving,36,2024Q1,2024,1.955664040758274e-06,3.2255229665925554e-07,0.2441403906410504,7.011784421711908e-06,6.063091352979075
delving,37,2024Q2,2024,2.153276540425327e-06,3.25323094334994e-07,0.2684933101588826,7.133513007925875e-06,6.618886202428776
delving,38,2024Q3,2024,1.545162285571961e-06,3.281176937936979e-07,0.3374619590875166,3.934582241884102e-06,4.70917087008259
delving,39,2024Q4,2024,1.215114941552575e-06,3.309362994981014e-07,0.4010375087971567,2.535664342783668e-06,3.671748742568949
delving,40,2025Q1,2025,1.1455787574349084e-06,3.337791176673222e-07,0.4830392021193057,2.0143873088987247e-06,3.432146281172411
delving,41,2025Q2,2025,9.38768024144899e-07,3.3664635629194696e-07,0.6047204670325916,1.3323488348397756e-06,2.7885881032105373
delving,42,2025Q3,2025,6.444091826467358e-07,3.3953822514924715e-07,0.736230847313499,7.536351875489626e-07,1.8978987781522383
delving,43,2025Q4,2025,3.700709866802368e-07,3.4245493581853045e-07,0.8525674304452211,3.7484656828716105e-07,1.0806414157696367
delving,44,2026Q1,2026,7.761298815659064e-07,3.4539670169661917e-07,0.9059333633046016,8.208546076711692e-07,2.2470680170177877
underscore,0,2015Q1,2015,5.315369275092596e-07,3.90002654039022e-07,0.0,,1.3629059238557806
underscore,1,2015Q2,2015,2.6126824920619086e-07,3.905696515841942e-07,0.0,,0.6689415015899407
underscore,2,2015Q3,2015,3.489955406658547e-07,3.911374734473882e-07,0.0,,0.8922580022565851
underscore,3,2015Q4,2015,5.081146760624974e-07,3.91706120827022e-07,0.0,,1.2971833960360337
underscore,4,2016Q1,2016,3.075298238029841e-07,3.922755949232564e-07,0.0,,0.7839636923198047
underscore,5,2016Q2,2016,4.2726234557457047e-07,3.9284589693799657e-07,0.0,,1.0876080134852621
underscore,6,2016Q3,2016,2.9023810263225645e-07,3.934170280748953e-07,0.0,,0.7377365033040804
underscore,7,2016Q4,2016,3.172969976445854e-07,3.9398898953935525e-07,0.0,,0.8053448346756168
underscore,8,2017Q1,2017,7.011581247859002e-07,3.9456178253853154e-07,0.0,,1.7770553454893405
underscore,9,2017Q2,2017,5.091279859507829e-07,3.9513540828133415e-07,0.0,,1.288489908219733
underscore,10,2017Q3,2017,2.9651136587367666e-07,3.957098679784308e-07,0.0,,0.7493150660823015
underscore,11,2017Q4,2017,5.382135876018348e-07,3.9628516284224926e-07,0.0,,1.3581472082922357
underscore,12,2018Q1,2018,4.5374661675178886e-07,3.9686129408697986e-07,0.0,,1.1433380465980678
underscore,13,2018Q2,2018,4.966757871623522e-07,3.974382629285783e-07,0.0,,1.2496929296704564
underscore,14,2018Q3,2018,2.7852535308857955e-07,3.9801607058476793e-07,0.0,,0.6997841888126984
underscore,15,2018Q4,2018,3.6527648160432936e-07,3.985947182750426e-07,0.0,,0.9164107421821815
underscore,16,2019Q1,2019,3.843354258219369e-07,3.9917420722066903e-07,0.0,,0.9628263020748505
underscore,17,2019Q2,2019,4.141659982592227e-07,3.997545386446894e-07,0.0,,1.0360507717145457
underscore,18,2019Q3,2019,2.5268809596487433e-07,4.003357137719241e-07,0.0,,0.6311904915603749
underscore,19,2019Q4,2019,5.709735462959983e-07,4.0091773382897415e-07,0.0,,1.4241663516425231
underscore,20,2020Q1,2020,6.930294244394706e-07,4.0150060004422385e-07,0.0066251231857163,4.440503324737372e-05,1.7260981038711671
underscore,21,2020Q2,2020,4.23806433127371e-07,4.020843136478433e-07,0.0082047179568557,3.0495999983737454e-06,1.0540237923794076
underscore,22,2020Q3,2020,6.153403298144173e-07,4.0266887587179107e-07,0.0099446543138359,2.1788173814614464e-05,1.5281546866074158
underscore,23,2020Q4,2020,6.311473185300435e-07,4.032542879498169e-07,0.0120938189286729,1.9247015049070633e-05,1.565134798042338
underscore,24,2021Q1,2021,3.801003375049115e-07,4.0384055111746413e-07,0.0134601634650189,-1.359898327258729e-06,0.941213893585324
underscore,25,2021Q2,2021,4.943688911454082e-07,4.044276666120723e-07,0.015056340729309,6.378072003595917e-06,1.2223913741776913
underscore,26,2021Q3,2021,1.6389841156871037e-07,4.0501563567277985e-07,0.0169425234059064,-1.3826466790375553e-05,0.40467181296952975
underscore,27,2021Q4,2021,5.823929194753203e-07,4.0560445954052683e-07,0.0186303001379809,9.894901927936188e-06,1.4358641917671748
underscore,28,2022Q1,2022,5.280482218916713e-07,4.061941394580573e-07,0.020437028289517,6.368611018634079e-06,1.2999897600595403
underscore,29,2022Q2,2022,6.068537552078433e-07,4.0678467666992213e-07,0.0224213957963651,9.329916865003882e-06,1.4918304203977268
underscore,30,2022Q3,2022,4.1358406029215705e-07,4.0737607242248143e-07,0.0255817135073226,6.500489437255957e-07,1.0152389604837602
underscore,31,2022Q4,2022,6.722610191525942e-07,4.0796832796390744e-07,0.0315770469630995,8.777740570996499e-06,1.647826493070483
underscore,32,2023Q1,2023,6.13425646790352e-07,4.0856144454418696e-07,0.0453715362686002,4.923819667967918e-06,1.5014281327371028
underscore,33,2023Q2,2023,8.398400750687821e-07,4.091554234151241e-07,0.0783600738841893,5.9053811198096915e-06,2.0526187043027186
underscore,34,2023Q3,2023,1.7343955349721348e-06,4.0975026583034283e-07,0.1455438832721339,9.511096467133814e-06,4.232811250182963
underscore,35,2023Q4,2023,1.6572015795735227e-06,4.103459730452897e-07,0.2014588297189642,6.599479545734068e-06,4.038547197807198
underscore,36,2024Q1,2024,2.7938057725118197e-06,4.109425463172365e-07,0.2441403906410504,1.0171159689977046e-05,6.798531321590335
underscore,37,2024Q2,2024,3.5600838801698733e-06,4.1153998690528287e-07,0.2684933101588826,1.2138252624182613e-05,8.650639047109745
underscore,38,2024Q3,2024,3.5063298018748345e-06,4.121382960703589e-07,0.3374619590875166,9.581146601987398e-06,8.507653463186651
underscore,39,2024Q4,2024,4.46422663309533e-06,4.127374750752279e-07,0.4010375087971567,1.0515256738602098e-05,10.816140773942697
underscore,40,2025Q1,2025,6.109753372986179e-06,4.13337525184489e-07,0.4830392021193057,1.2206202002454667e-05,14.781511478444045
underscore,41,2025Q2,2025,7.2419247576892205e-06,4.1393844766458e-07,0.6047204670325916,1.170508317033302e-05,17.4951730107406
underscore,42,2025Q3,2025,7.610165585542404e-06,4.145402437837796e-07,0.736230847313499,1.0188139608732164e-05,18.358086336996987
underscore,43,2025Q4,2025,6.829491845098916e-06,4.151429148122113e-07,0.8525674304452211,7.938710789011973e-06,16.45094159486792
underscore,44,2026Q1,2026,6.356873315682661e-06,4.157464620218429e-07,0.9059333633046016,6.9737639656373225e-06,15.290264371146176
underscores,0,2015Q1,2015,5.758316714683646e-07,7.008241988677451e-07,0.0,,0.8216492415625503
underscores,1,2015Q2,2015,8.708941640206362e-07,6.987424547568351e-07,0.0,,1.2463736217712869
underscores,2,2015Q3,2015,5.23493310998782e-07,6.966668943058946e-07,0.0,,0.7514255597294465
underscores,3,2015Q4,2015,9.315435727812453e-07,6.945974991468372e-07,0.0,,1.3411271620261302
underscores,4,2016Q1,2016,7.907909754933877e-07,6.925342509661423e-07,0.0,,1.1418799494612277
underscores,5,2016Q2,2016,8.117984565916839e-07,6.904771315046833e-07,0.0,,1.1757065072127992
underscores,6,2016Q3,2016,6.219387913548352e-07,6.884261225575761e-07,0.0,,0.9034212546209992
underscores,7,2016Q4,2016,8.329046188170367e-07,6.863812059740075e-07,0.0,,1.2134723555478264
underscores,8,2017Q1,2017,5.258685935894253e-07,6.843423636570839e-07,0.0,,0.7684291102178967
underscores,9,2017Q2,2017,8.909739754138701e-07,6.823095775636668e-07,0.0,,1.3058207076548514
underscores,10,2017Q3,2017,7.200990314075004e-07,6.802828297042101e-07,0.0,,1.0585288941080617
underscores,11,2017Q4,2017,5.766574152876802e-07,6.782621021426091e-07,0.0,,0.8501984903270242
underscores,12,2018Q1,2018,8.24993848639616e-07,6.762473769960316e-07,0.0,,1.2199586670551437
underscores,13,2018Q2,2018,4.5846995738063274e-07,6.742386364347706e-07,0.0,,0.6799817343677064
underscores,14,2018Q3,2018,4.3768269771062504e-07,6.722358626820753e-07,0.0,,0.6510850164470042
underscores,15,2018Q4,2018,3.6527648160432936e-07,6.702390380140033e-07,0.0,,0.5449943391639591
underscores,16,2019Q1,2019,8.455379368082611e-07,6.682481447592599e-07,0.0,,1.2653053262315765
underscores,17,2019Q2,2019,8.659834509056474e-07,6.662631652990378e-07,0.0,,1.2997618598905576
underscores,18,2019Q3,2019,9.02457485588837e-07,6.642840820668698e-07,0.0,,1.358541488426019
underscores,19,2019Q4,2019,7.494027795134977e-07,6.623108775484641e-07,0.0,,1.1314970128339177
underscores,20,2020Q1,2020,8.56095171366405e-07,6.60343534281558e-07,0.0066251231857163,3.020721105621467e-05,1.2964390910525403
underscores,21,2020Q2,2020,6.194094022630807e-07,6.583820348557547e-07,0.0082047179568557,-4.0916450590200645e-06,0.9408054434516693
underscores,22,2020Q3,2020,7.384083957773008e-07,6.564263619123772e-07,0.0099446543138359,8.900255788025544e-06,1.124891440413947
underscores,23,2020Q4,2020,6.010926843143271e-07,6.544764981443108e-07,0.0120938189286729,-3.759663827986878e-06,0.9184328024285867
underscores,24,2021Q1,2021,7.947552511466331e-07,6.525324262958472e-07,0.0134601634650189,1.1218735817540187e-05,1.217955183711138
underscores,25,2021Q2,2021,4.2845303899268716e-07,6.50594129162539e-07,0.015056340729309,-1.4103395180964274e-05,0.6585565712746326
underscores,26,2021Q3,2021,6.228139639610994e-07,6.48661589591039e-07,0.0169425234059064,-8.769450163841235e-07,0.9601523721387053
underscores,27,2021Q4,2021,8.889155086728575e-07,6.467347904789571e-07,0.0186303001379809,1.3646027147566409e-05,1.3744668166290341
underscores,28,2022Q1,2022,7.260663051010482e-07,6.448137147747002e-07,0.020437028289517,4.620567389687692e-06,1.1260094015753648
underscores,29,2022Q2,2022,7.346124405147576e-07,6.428983454773287e-07,0.0224213957963651,4.7333704940621826e-06,1.1426572267336208
underscores,30,2022Q3,2022,8.271681205843141e-07,6.409886656364034e-07,0.0255817135073226,7.91882229842328e-06,1.2904567037282368
underscores,31,2022Q4,2022,7.333756572573754e-07,6.390846583518313e-07,0.0315770469630995,3.625145990044161e-06,1.1475407016477537
underscores,32,2023Q1,2023,1.0977090521511563e-06,6.371863067737245e-07,0.0453715362686002,1.0787222722801828e-05,1.72274425938185
underscores,33,2023Q2,2023,1.1951570299055745e-06,6.352935941022418e-07,0.0783600738841893,7.780047396029121e-06,1.88126724557092
underscores,34,2023Q3,2023,2.818392744329719e-06,6.334065035874482e-07,0.1455438832721339,1.5645966232097947e-05,4.449579738078284
underscores,35,2023Q4,2023,4.083818178234752e-06,6.315250185291628e-07,0.2014588297189642,1.776799485964534e-05,6.466597614368571
underscores,36,2024Q1,2024,5.308230967772457e-06,6.296491222768082e-07,0.2441403906410504,1.979313875711718e-05,8.430458774528136
underscores,37,2024Q2,2024,7.809216253275852e-06,6.277787982292707e-07,0.2684933101588826,2.737495343284836e-05,12.439439298209388
underscores,38,2024Q3,2024,7.636667449846038e-06,6.259140298347442e-07,0.3374619590875166,2.140085837902327e-05,12.200824851077863
underscores,39,2024Q4,2024,7.211443022692457e-06,6.240548005905932e-07,0.4010375087971567,1.7049920405679768e-05,11.555784869962844
underscores,40,2025Q1,2025,9.846522177000047e-06,6.222010940431974e-07,0.4830392021193057,1.97186244122453e-05,15.825305148557701
underscores,41,2025Q2,2025,1.0862887136533832e-05,6.20352893787814e-07,0.6047204670325916,1.755798738961842e-05,17.510818834431653
underscores,42,2025Q3,2025,9.819568497474069e-06,6.185101834684296e-07,0.736230847313499,1.3116028248054062e-05,15.876163012238075
underscores,43,2025Q4,2025,1.1505843404058272e-05,6.166729467776112e-07,0.8525674304452211,1.3388883177227306e-05,18.657934427286605
underscores,44,2026Q1,2026,1.034839842087875e-05,6.148411674563705e-07,0.9059333633046016,1.1359072087396195e-05,16.83101094822685
underscoring,0,2015Q1,2015,1.328842318773149e-07,2.288368343986487e-07,0.0,,0.5806942410583338
underscoring,1,2015Q2,2015,2.6126824920619086e-07,2.2377467129075094e-07,0.0,,1.167550588720224
underscoring,2,2015Q3,2015,1.7449777033292735e-07,2.1882448969753505e-07,0.0,,0.7974325477652101
underscoring,3,2015Q4,2015,1.6937155868749914e-07,2.139838124448438e-07,0.0,,0.7915157541702185
underscoring,4,2016Q1,2016,0.0,2.0925021715677687e-07,0.0,,0.0
underscoring,5,2016Q2,2016,1.7090493822982817e-07,2.0462133504348364e-07,0.0,,0.835225408892526
underscoring,6,2016Q3,2016,1.6585034436128938e-07,2.0009484971577005e-07,0.0,,0.8288586367758882
underscoring,7,2016Q4,2016,2.776348729390122e-07,1.9566849602593115e-07,0.0,,1.4189043130490377
underscoring,8,2017Q1,2017,3.0675667959383135e-07,1.9134005893422249e-07,0.0,,1.6032015527876782
underscoring,9,2017Q2,2017,2.5456399297539147e-07,1.8710737240040842e-07,0.0,,1.3605235844508916
underscoring,10,2017Q3,2017,0.0,1.8296831829983033e-07,0.0,,0.0
underscoring,11,2017Q4,2017,2.3066296611507206e-07,1.7892082536345294e-07,0.0,,1.2891901523845093
underscoring,12,2018Q1,2018,2.06248462159904e-07,1.7496286814135794e-07,0.0,,1.178812763821804
underscoring,13,2018Q2,2018,2.674408084720358e-07,1.7109246598916672e-07,0.0,,1.5631360909192207
underscoring,14,2018Q3,2018,2.7852535308857955e-07,1.6730768207688472e-07,0.0,,1.664749338650127
underscoring,15,2018Q4,2018,2.1916588896259763e-07,1.6360662241967033e-07,0.0,,1.339590572320546
underscoring,16,2019Q1,2019,1.5373417032877475e-07,1.5998743493004692e-07,0.0,,0.9609140267546239
underscoring,17,2019Q2,2019,3.765145438720206e-08,1.564483084910786e-07,0.0,,0.24066386367705034
underscoring,18,2019Q3,2019,1.443931976942139e-07,1.5298747205004968e-07,0.0,,0.943823672352569
underscoring,19,2019Q4,2019,1.4274338657399957e-07,1.4960319373219302e-07,0.0,,0.9541466529753817
underscoring,20,2020Q1,2020,2.0383218365866785e-07,1.4629377997402377e-07,0.0066251231857163,8.831174358299917e-06,1.393307245836841
underscoring,21,2020Q2,2020,2.608039588476129e-07,1.4305757467584478e-07,0.0082047179568557,1.4494115684282353e-05,1.8230699034187496
underscoring,22,2020Q3,2020,1.846020989443252e-07,1.3989295837299985e-07,0.0099446543138359,4.635689308892895e-06,1.3195953612769866
underscoring,23,2020Q4,2020,2.4043707372573087e-07,1.3679834742545977e-07,0.0120938189286729,8.706359948398078e-06,1.7576021805142268
underscoring,24,2021Q1,2021,3.109911852312912e-07,1.3377219322533607e-07,0.0134601634650189,1.32999564276533e-05,2.3247819874451334
underscoring,25,2021Q2,2021,2.636634086108844e-07,1.308129814219243e-07,0.015056340729309,8.954366431587312e-06,2.0155752567129728
underscoring,26,2021Q3,2021,6.555936462748415e-08,1.279192311638929e-07,0.0169425234059064,-3.5527524753110256e-06,0.5125059307422515
underscoring,27,2021Q4,2021,3.984793659567982e-07,1.2508949435823322e-07,0.0186303001379809,1.4799564386000757e-05,3.1855542146139535
underscoring,28,2022Q1,2022,2.310210970776062e-07,1.2232235494560388e-07,0.020437028289517,5.441038001474235e-06,1.8886253226594607
underscoring,29,2022Q2,2022,3.513363845940145e-07,1.196164281917051e-07,0.0224213957963651,1.0454385882637323e-05,2.9371917378350396
underscoring,30,2022Q3,2022,2.863274263561087e-07,1.1697035999432872e-07,0.0255817135073226,6.737209708437608e-06,2.4478630857423305
underscoring,31,2022Q4,2022,2.444585524191252e-07,1.1438282620573728e-07,0.0315770469630995,4.233695387807605e-06,2.137196295354901
underscoring,32,2023Q1,2023,3.228556035738695e-07,1.118525319700328e-07,0.0453715362686002,4.7624129704505645e-06,2.8864398318704847
underscoring,33,2023Q2,2023,5.814277442783877e-07,1.0937821107518409e-07,0.0783600738841893,6.133486022673981e-06,5.315754742767986
underscoring,34,2023Q3,2023,7.433123721309149e-07,1.0695862531938689e-07,0.1455438832721339,4.4792052117437125e-06,6.949531839169825
underscoring,35,2023Q4,2023,1.3612727260782508e-06,1.0459256389144392e-07,0.2014588297189642,6.3424932006611505e-06,13.015004847678355
underscoring,36,2024Q1,2024,1.6762834635070917e-06,1.0227884276484686e-07,0.2441403906410504,6.549407958145183e-06,16.389347182594726
underscoring,37,2024Q2,2024,2.8136146794890934e-06,1.0001630410526776e-07,0.2684933101588826,1.0206779760438822e-05,28.131560195703162
underscoring,38,2024Q3,2024,2.4960313843854756e-06,9.780381569115204e-08,0.3374619590875166,7.204464297302275e-06,25.520797596154345
underscoring,39,2024Q4,2024,2.905709642843114e-06,9.564027034713226e-08,0.4010375087971567,7.102639144153982e-06,30.381654425449256
underscoring,40,2025Q1,2025,3.79132017341553e-06,9.352458538997556e-08,0.4830392021193057,7.74879474110756e-06,40.538219523846216
underscoring,41,2025Q2,2025,4.050113475596564e-06,9.145570208678387e-08,0.6047204670325916,6.6377163122745105e-06,44.28497494615855
underscoring,42,2025Q3,2025,5.983799553148261e-06,8.94325851251847e-08,0.736230847313499,8.095572221261837e-06,66.90849364101844
underscoring,43,2025Q4,2025,7.838776354226835e-06,8.745422209523648e-08,0.8525674304452211,9.179195069014245e-06,89.63290926869732
underscoring,44,2026Q1,2026,6.245997618316104e-06,8.551962298280013e-08,0.9059333633046016,6.885664363056766e-06,73.03584137142782
intricate,0,2015Q1,2015,3.0120425892191375e-06,2.4459675273692644e-06,0.0,,1.2314319611833562
intricate,1,2015Q2,2015,2.046601285448495e-06,2.478491374441264e-06,0.0,,0.8257447681898301
intricate,2,2015Q3,2015,1.7449777033292734e-06,2.5114476886725844e-06,0.0,,0.6948094962119535
intricate,3,2015Q4,2015,2.5405733803124873e-06,2.544842220546671e-06,0.0,,0.9983225521017698
intricate,4,2016Q1,2016,2.372372926480163e-06,2.5786807970107e-06,0.0,,0.9199948009192543
intricate,5,2016Q2,2016,2.4781216043325083e-06,2.6129693224923452e-06,0.0,,0.9483929195038485
intricate,6,2016Q3,2016,2.8194558541419195e-06,2.6477137799299954e-06,0.0,,1.0648642899069192
intricate,7,2016Q4,2016,3.569591223501586e-06,2.6829202318167413e-06,0.0,,1.3304872732218485
intricate,8,2017Q1,2017,3.7249025379250954e-06,2.718594821258172e-06,0.0,,1.3701572992040063
intricate,9,2017Q2,2017,2.6304945940790453e-06,2.75474377304431e-06,0.0,,0.9548962846631812
intricate,10,2017Q3,2017,3.55813639048412e-06,2.791373394735726e-06,0.0,,1.2746902285428523
intricate,11,2017Q4,2017,3.229281525611009e-06,2.8284900777641707e-06,0.0,,1.1416980214983292
intricate,12,2018Q1,2018,2.2274833913269635e-06,2.866100298547769e-06,0.0,,0.7771826381845786
intricate,13,2018Q2,2018,2.9036430634106743e-06,2.904210619621093e-06,0.0,,0.9998045747072942
intricate,14,2018Q3,2018,2.5465175139527274e-06,2.9428276907802612e-06,0.0,,0.8653301455368404
intricate,15,2018Q4,2018,2.922211852834635e-06,2.9819582502432123e-06,0.0,,0.9799640396025986
intricate,16,2019Q1,2019,2.651914438171364e-06,3.021609125825485e-06,0.0,,0.8776497315637666
intricate,17,2019Q2,2019,2.8238590790401545e-06,3.061787236131549e-06,0.0,,0.9222910872827311
intricate,18,2019Q3,2019,3.393240145814027e-06,3.1024995917620614e-06,0.0,,1.093711713878692
intricate,19,2019Q4,2019,3.21172619791499e-06,3.1437532965370895e-06,0.0,,1.0216215761754506
intricate,20,2020Q1,2020,3.0574827548800175e-06,3.1855555487356855e-06,0.0066251231857163,-1.614582747094791e-05,0.9597957744273212
intricate,21,2020Q2,2020,3.814257898146339e-06,3.227913642351864e-06,0.0082047179568557,7.469219296039194e-05,1.1816480614912805
intricate,22,2020Q3,2020,3.845877061340109e-06,3.2708349683673297e-06,0.0099446543138359,6.109507649808332e-05,1.1758089596491679
intricate,23,2020Q4,2020,4.327867327063155e-06,3.3143270160411365e-06,0.0120938189286729,8.712080014084077e-05,1.3058057657305833
intricate,24,2021Q1,2021,4.319322017101267e-06,3.3583973742164316e-06,0.0134601634650189,7.474866283288975e-05,1.2861259511045904
intricate,25,2021Q2,2021,3.790161498781463e-06,3.4030537326446644e-06,0.015056340729309,2.9113667825167553e-05,1.1137530572683494
intricate,26,2021Q3,2021,4.1302399715315014e-06,3.44830388332731e-06,0.0169425234059064,4.369827561814334e-05,1.1977598585499905
intricate,27,2021Q4,2021,3.954141400648228e-06,3.494155721875528e-06,0.0186303001379809,2.818434725748821e-05,1.1316442984761415
intricate,28,2022Q1,2022,3.531322483900552e-06,3.540617248887804e-06,0.020437028289517,3.085817027662903e-06,0.9973748179105857
intricate,29,2022Q2,2022,4.343795300435089e-06,3.587696571346007e-06,0.0224213957963651,3.730989370644402e-05,1.2107476800373378
intricate,30,2022Q3,2022,3.6904423841454015e-06,3.6354019040299118e-06,0.0255817135073226,5.7869575494222755e-06,1.0151401362403636
intricate,31,2022Q4,2022,4.400253943544253e-06,3.683741570950631e-06,0.0315770469630995,2.6374665564917783e-05,1.19450668804889
intricate,32,2023Q1,2023,5.036547415752364e-06,3.732724006803003e-06,0.0453715362686002,3.24693178314138e-05,1.3492954224778215
intricate,33,2023Q2,2023,6.686419059201457e-06,3.7823577584373984e-06,0.0783600738841893,4.084282946059605e-05,1.767791278941263
intricate,34,2023Q3,2023,1.1335513674996452e-05,3.832651486350998e-06,0.1455438832721339,5.538316683584742e-05,2.9576166044225434
intricate,35,2023Q4,2023,1.0830996037926951e-05,3.883613966198963e-06,0.2014588297189642,3.836898291934741e-05,2.788896149873425
intricate,36,2024Q1,2024,1.4279451726171522e-05,3.935254090325709e-06,0.2441403906410504,4.6305128279043886e-05,3.6285971371646943
intricate,37,2024Q2,2024,1.4068073397445468e-05,3.987580869316456e-06,0.2684933101588826,4.1532250128166214e-05,3.5279719354900485
intricate,38,2024Q3,2024,1.352016999875466e-05,4.040603433569535e-06,0.3374619590875166,3.2131374289097926e-05,3.3460769464353795
intricate,39,2024Q4,2024,1.1675669655787786e-05,4.094331034889466e-06,0.4010375087971567,2.2998644109337904e-05,2.8516672336200073
intricate,40,2025Q1,2025,1.2383160854177344e-05,4.148773048101354e-06,0.4830392021193057,2.1195811404301234e-05,2.9847766341049624
intricate,41,2025Q2,2025,1.0165516604311907e-05,4.203938972686621e-06,0.6047204670325916,1.4062341253792123e-05,2.418093285929745
intricate,42,2025Q3,2025,8.285260919743747e-06,4.25983843444061e-06,0.736230847313499,9.7274475410026e-06,1.944970694840858
intricate,43,2025Q4,2025,9.68913128762802e-06,4.316481187152125e-06,0.8525674304452211,1.061821159417721e-05,2.2446828487211814
intricate,44,2026Q1,2026,6.135121920949546e-06,4.373877114305367e-06,0.9059333633046016,6.317998920593228e-06,1.402673591556513
intricacies,0,2015Q1,2015,4.4294743959104964e-07,4.4200906925733135e-07,0.0,,1.0021229662443238
intricacies,1,2015Q2,2015,3.919023738092863e-07,4.4164188454641993e-07,0.0,,0.8873759204514362
intricacies,2,2015Q3,2015,4.798688684155502e-07,4.412750048623076e-07,0.0,,1.0874598903812491
intricacies,3,2015Q4,2015,6.774862347499965e-07,4.409084299516049e-07,0.0,,1.5365690214277803
intricacies,4,2016Q1,2016,3.5146265577483895e-07,4.405421595611303e-07,0.0,,0.7977957345216796
intricacies,5,2016Q2,2016,4.699885801320275e-07,4.401761934379128e-07,0.0,,1.0677283032080194
intricacies,6,2016Q3,2016,3.731632748129011e-07,4.398105313291937e-07,0.0,,0.8484637093275792
intricacies,7,2016Q4,2016,5.552697458780245e-07,4.394451729824221e-07,0.0,,1.263570019689886
intricacies,8,2017Q1,2017,3.505790623929501e-07,4.3908011814525756e-07,0.0,,0.7984398470918027
intricacies,9,2017Q2,2017,2.9699132513795674e-07,4.387153665655686e-07,0.0,,0.6769567418231056
intricacies,10,2017Q3,2017,6.777402648541181e-07,4.383509179914354e-07,0.0,,1.546113483597997
intricacies,11,2017Q4,2017,4.2288210454429876e-07,4.3798677217114513e-07,0.0,,0.9655134159600962
intricacies,12,2018Q1,2018,2.8874784702386564e-07,4.376229288531941e-07,0.0,,0.6598096854306498
intricacies,13,2018Q2,2018,3.438524680354746e-07,4.3725938778628987e-07,0.0,,0.7863809849258907
intricacies,14,2018Q3,2018,6.764187146436933e-07,4.3689614871934633e-07,0.0,,1.5482368444456387
intricacies,15,2018Q4,2018,5.479147224064941e-07,4.3653321140148605e-07,0.0,,1.2551501422936842
intricacies,16,2019Q1,2019,5.380695961507116e-07,4.3617057558204233e-07,0.0,,1.2336219503864776
intricacies,17,2019Q2,2019,2.635601807104144e-07,4.358082410105543e-07,0.0,,0.6047618101467511
intricacies,18,2019Q3,2019,3.248846948119813e-07,4.354462074367693e-07,0.0,,0.7460960487505394
intricacies,19,2019Q4,2019,6.780310862264979e-07,4.350844746106447e-07,0.0,,1.5583895215596122
intricacies,20,2020Q1,2020,3.2613149385386854e-07,4.3472304228234344e-07,0.0066251231857163,-1.5956149305962777e-05,0.7502052160420174
intricacies,21,2020Q2,2020,8.150123713987904e-07,4.343619102022366e-07,0.0082047179568557,4.6828456527249956e-05,1.8763440169496561
intricacies,22,2020Q3,2020,6.461073463051382e-07,4.3400107812090203e-07,0.0099446543138359,2.1762672894207544e-05,1.4887229061793912
intricacies,23,2020Q4,2020,5.109287816671781e-07,4.33640545789127e-07,0.0120938189286729,6.824362643902445e-06,1.1782311101407827
intricacies,24,2021Q1,2021,6.565369465993926e-07,4.3328031295790346e-07,0.0134601634650189,1.7019752997461484e-05,1.515270661889455
intricacies,25,2021Q2,2021,3.62537186839966e-07,4.3292037937843027e-07,0.015056340729309,-4.2417342265348656e-06,0.8374223162247117
intricacies,26,2021Q3,2021,5.900342816473573e-07,4.3256074480211527e-07,0.0169425234059064,9.727134703622475e-06,1.3640495323200952
intricacies,27,2021Q4,2021,4.291316248765519e-07,4.322014089805706e-07,0.0186303001379809,2.674276757995122e-07,0.9928973297165796
intricacies,28,2022Q1,2022,5.940542496281303e-07,4.3184237166561454e-07,0.020437028289517,8.36899818828309e-06,1.3756275173667307
intricacies,29,2022Q2,2022,6.387934265345718e-07,4.3148363260927396e-07,0.0224213957963651,9.67755358329925e-06,1.4804580713100313
intricacies,30,2022Q3,2022,6.044690111962295e-07,4.3112519156377946e-07,0.0255817135073226,7.2072084114322014e-06,1.4020730475147984
intricacies,31,2022Q4,2022,7.333756572573754e-07,4.307670482815674e-07,0.0315770469630995,1.0013949710340888e-05,1.702487829983714
intricacies,32,2023Q1,2023,6.45711207147739e-07,4.3040920251528214e-07,0.0453715362686002,5.17571919946724e-06,1.5002263041176782
intricacies,33,2023Q2,2023,7.106339096735848e-07,4.300516540177711e-07,0.0783600738841893,4.010730458257986e-06,1.6524384990371859
intricacies,34,2023Q3,2023,1.517596093100618e-06,4.29694402542088e-07,0.1455438832721339,7.90442756274231e-06,3.531803263255149
intricacies,35,2023Q4,2023,1.8643517770202131e-06,4.2933744784149077e-07,0.2014588297189642,7.552452037460485e-06,4.342392648005218
intricacies,36,2024Q1,2024,2.607552054344365e-06,4.289807896694447e-07,0.2441403906410504,9.352417255690277e-06,6.078482107214263
intricacies,37,2024Q2,2024,2.210697248170002e-06,4.286244277796174e-07,0.2684933101588826,7.0659325206175054e-06,5.157655758496946
intricacies,38,2024Q3,2024,1.366874329544427e-06,4.282683619258814e-07,0.3374619590875166,3.2096365794177075e-06,3.1916304146253656
intricacies,39,2024Q4,2024,1.1886993993449103e-06,4.2791259186231575e-07,0.4010375087971567,2.3249591044552256e-06,2.7779023612546174
intricacies,40,2025Q1,2025,1.2546814962382331e-06,4.275571173432017e-07,0.4830392021193057,2.13989097195805e-06,2.934535399702154
intricacies,41,2025Q2,2025,8.583021935039076e-07,4.2720193812302434e-07,0.6047204670325916,1.1400937267808886e-06,2.0091252330806055
intricacies,42,2025Q3,2025,7.671537888651617e-07,4.268470539564753e-07,0.736230847313499,8.890753566015806e-07,1.797256843532969
intricacies,43,2025Q4,2025,8.074276073023349e-07,4.2649246459844756e-07,0.8525674304452211,8.733018653574683e-07,1.8931814142661267
intricacies,44,2026Q1,2026,4.804613552550849e-07,4.261381698040377e-07,0.9059333633046016,4.861019460059548e-07,1.127477868213561
showcasing,0,2015Q1,2015,4.429474395910496e-08,8.089311102785939e-08,0.0,,0.5475712751837417
showcasing,1,2015Q2,2015,8.708941640206362e-08,8.800853912867861e-08,0.0,,0.9895564369581101
showcasing,2,2015Q3,2015,8.724888516646368e-08,9.574984644732786e-08,0.0,,0.9112169721803097
showcasing,3,2015Q4,2015,1.6937155868749914e-07,1.0417208586182884e-07,0.0,,1.6258823780503846
showcasing,4,2016Q1,2016,1.7573132788741947e-07,1.1333515274903178e-07,0.0,,1.5505456482381699
showcasing,5,2016Q2,2016,1.7090493822982817e-07,1.2330421093500491e-07,0.0,,1.386042998319937
showcasing,6,2016Q3,2016,1.2438775827096704e-07,1.3415015611238981e-07,0.0,,0.9272278309296642
showcasing,7,2016Q4,2016,1.1898637411671952e-07,1.459501200203506e-07,0.0,,0.8152536914675276
showcasing,8,2017Q1,2017,1.3146714839735631e-07,1.5878801897262458e-07,0.0,,0.8279412341558436
showcasing,9,2017Q2,2017,3.818459894630872e-07,1.727551506345795e-07,0.0,,2.210330563577738
showcasing,10,2017Q3,2017,4.235876655338238e-08,1.8795084329329307e-07,0.0,,0.22537151635591482
showcasing,11,2017Q4,2017,3.459944491726081e-07,2.0448316223799548e-07,0.0,,1.692043713457
showcasing,12,2018Q1,2018,2.06248462159904e-07,2.2246967827434267e-07,0.0,,0.9270857213429546
showcasing,13,2018Q2,2018,4.5846995738063274e-07,2.4203830383787594e-07,0.0,,1.8942041408773416
showcasing,14,2018Q3,2018,2.3873601693306823e-07,2.6332820265273985e-07,0.0,,0.9066101333927297
showcasing,15,2018Q4,2018,1.0958294448129882e-07,2.8649077940477284e-07,0.0,,0.382500772656536
showcasing,16,2019Q1,2019,6.14936681315099e-07,3.116907564671003e-07,0.0,,1.9729063777353535
showcasing,17,2019Q2,2019,2.635601807104144e-07,3.3910734533543783e-07,0.0,,0.7772175517156853
showcasing,18,2019Q3,2019,3.9708129365908823e-07,3.689355211038668e-07,0.0,,1.0762891371126542
showcasing,19,2019Q4,2019,4.2823015972199867e-07,4.013874090445932e-07,0.0,,1.066874919523007
showcasing,20,2020Q1,2020,4.4843080404906926e-07,4.366937931524731e-07,0.0066251231857163,2.20828513833697e-06,1.0268769812638443
showcasing,21,2020Q2,2020,3.586054434154678e-07,4.751057573824099e-07,0.0082047179568557,-1.3724079952541565e-05,0.7547907762499042
showcasing,22,2020Q3,2020,2.1536911543504607e-07,5.168964712514266e-07,0.0099446543138359,-2.9803650256739756e-05,0.4166581267494998
showcasing,23,2020Q4,2020,3.6065561058859627e-07,5.623631325038294e-07,0.0120938189286729,-1.611619995041205e-05,0.6413215762968608
showcasing,24,2021Q1,2021,6.219823704625824e-07,6.118290806548957e-07,0.0134601634650189,1.3661505147202133e-06,1.0165949774679208
showcasing,25,2021Q2,2021,5.602847432981293e-07,6.656460964436817e-07,0.015056340729309,-6.332160013274185e-06,0.8417156598551965
showcasing,26,2021Q3,2021,4.5891555239238907e-07,7.241969035476983e-07,0.0169425234059064,-1.4933526848678512e-05,0.633688918226869
showcasing,27,2021Q4,2021,4.904361427160592e-07,7.878978903505779e-07,0.0186303001379809,-1.5178659032052107e-05,0.6224615508208023
showcasing,28,2022Q1,2022,4.620421941552124e-07,8.572020711187774e-07,0.020437028289517,-1.8478284055612228e-05,0.5390119899642543
showcasing,29,2022Q2,2022,7.02672769188029e-07,9.326023076459461e-07,0.0224213957963651,-9.322314047525513e-06,0.7534538178033249
showcasing,30,2022Q3,2022,3.499557433241329e-07,1.0146348142759289e-06,0.0255817135073226,-2.496795117479536e-05,0.3449080776652345
showcasing,31,2022Q4,2022,1.038948847781282e-06,1.1038829712306315e-06,0.0315770469630995,-9.524880227141364e-07,0.9411766236624163
showcasing,32,2023Q1,2023,1.0008523710789953e-06,1.2009814733614883e-06,0.0453715362686002,-3.2099139633221104e-06,0.8333620403632527
showcasing,33,2023Q2,2023,1.4212678193471697e-06,1.3066208438287305e-06,0.0783600738841893,2.7696998052891215e-06,1.0877431093036098
showcasing,34,2023Q3,2023,1.9821663256824396e-06,1.4215523448077586e-06,0.1455438832721339,5.273407663429844e-06,1.3943674553542345
showcasing,35,2023Q4,2023,3.107252961700355e-06,1.5465933201455377e-06,0.2014588297189642,9.293385276258573e-06,2.009095035667137
showcasing,36,2024Q1,2024,3.1663132088467286e-06,1.6826330079616373e-06,0.2441403906410504,7.759792944460982e-06,1.88176102207958
showcasing,37,2024Q2,2024,4.10558060374429e-06,1.8306388645307196e-06,0.2684933101588826,1.0303631125929558e-05,2.242703726710591
showcasing,38,2024Q3,2024,3.714332417240291e-06,1.991663444419205e-06,0.3374619590875166,7.096443187531918e-06,1.8649397957512037
showcasing,39,2024Q4,2024,5.098199646079283e-06,2.1668518858047074e-06,0.4010375087971567,9.47626234236437e-06,2.352814089176176
showcasing,40,2025Q1,2025,3.927698596919686e-06,2.3574500542106463e-06,0.4830392021193057,5.60821838899521e-06,1.6660792409597036
showcasing,41,2025Q2,2025,3.245455169186651e-06,2.56481340257082e-06,0.6047204670325916,3.6903611617789564e-06,1.2653767193876932
showcasing,42,2025Q3,2025,3.7130243381073824e-06,2.7904166106329427e-06,0.736230847313499,4.043566666544113e-06,1.3306344020311602
showcasing,43,2025Q4,2025,2.3549971879651436e-06,3.0358640722524164e-06,0.8525674304452211,2.2372564079510538e-06,0.775725504145476
showcasing,44,2026Q1,2026,2.254472513120014e-06,3.3029013051576173e-06,0.9059333633046016,2.1456100136511244e-06,0.6825733816507207
showcases,0,2015Q1,2015,2.2147371979552482e-07,9.911689154326283e-08,0.0,,2.2344699914126678
showcases,1,2015Q2,2015,1.3063412460309543e-07,1.0871787539499631e-07,0.0,,1.2015882772586615
showcases,2,2015Q3,2015,1.7449777033292735e-07,1.1924886108078684e-07,0.0,,1.4633076471456725
showcases,3,2015Q4,2015,4.2342889671874784e-08,1.307999334736747e-07,0.0,,0.3237225627518907
showcases,4,2016Q1,2016,2.1966415985927434e-07,1.434699035416971e-07,0.0,,1.5310818118409948
showcases,5,2016Q2,2016,8.545246911491409e-08,1.5736715360338197e-07,0.0,,0.5430133745081454
showcases,6,2016Q3,2016,8.292517218064469e-08,1.7261056445913767e-07,0.0,,0.48041771047145654
showcases,7,2016Q4,2016,1.586484988222927e-07,1.8933053232947214e-07,0.0,,0.8379446086710055
showcases,8,2017Q1,2017,1.3146714839735631e-07,2.076700842991985e-07,0.0,,0.6330577119039755
showcases,9,2017Q2,2017,5.091279859507829e-07,2.2778610180943752e-07,0.0,,2.2351143546796015
showcases,10,2017Q3,2017,2.5415259932029427e-07,2.498506626634989e-07,0.0,,1.017218031807221
showcases,11,2017Q4,2017,3.8443827685845345e-07,2.7405251302651367e-07,0.0,,1.402790555039575
showcases,12,2018Q1,2018,2.06248462159904e-07,3.005986820106981e-07,0.0,,0.6861256369466177
showcases,13,2018Q2,2018,5.348816169440716e-07,3.2971625265785034e-07,0.0,,1.6222482593210934
showcases,14,2018Q3,2018,2.7852535308857955e-07,3.6165430446852914e-07,0.0,,0.770142508044769
showcases,15,2018Q4,2018,6.209700187273599e-07,3.9668604409483363e-07,0.0,,1.5653941649101926
showcases,16,2019Q1,2019,4.612025109863242e-07,4.351111424233073e-07,0.0,,1.0599648366109489
showcases,17,2019Q2,2019,6.024232701952329e-07,4.77258298039988e-07,0.0,,1.2622583466212625
showcases,18,2019Q3,2019,5.414744913533021e-07,5.234880490061762e-07,0.0,,1.0343588404382345
showcases,19,2019Q4,2019,3.5685846643499893e-07,5.741958569976123e-07,0.0,,0.621492583211869
showcases,20,2020Q1,2020,4.4843080404906926e-07,6.298154901896014e-07,0.0066251231857163,-2.67484959850741e-05,0.7120034534464569
showcases,21,2020Q2,2020,5.542084125511775e-07,6.908227338261982e-07,0.0082047179568557,-1.595988019019917e-05,0.8022440279022564
showcases,22,2020Q3,2020,5.845733133236964e-07,7.577394602146647e-07,0.0099446543138359,-1.665524860615219e-05,0.7714700685616783
showcases,23,2020Q4,2020,9.31693660687207e-07,8.311380929609994e-07,0.0120938189286729,9.145762970285998e-06,1.1209853916910124
showcases,24,2021Q1,2021,5.528732181889622e-07,9.11646503634836e-07,0.0134601634650189,-2.57428058273696e-05,0.6064556996430034
showcases,25,2021Q2,2021,8.569060779853743e-07,9.999533827510654e-07,0.015056340729309,-8.50084812921473e-06,0.8569460264516129
showcases,26,2021Q3,2021,9.178311047847781e-07,1.09681413101302e-06,0.0169425234059064,-9.467316249107684e-06,0.8368155358620947
showcases,27,2021Q4,2021,1.0115245443518722e-06,1.2030573212124696e-06,0.0186303001379809,-9.077656110243558e-06,0.840794970045512
showcases,28,2022Q1,2022,1.6831537072797025e-06,1.3195917860632896e-06,0.020437028289517,1.9108964882096965e-05,1.2755109004588605
showcases,29,2022Q2,2022,8.62371125821672e-07,1.4474143925999746e-06,0.0224213957963651,-2.4645665275221077e-05,0.5958011266369987
showcases,30,2022Q3,2022,1.3361946563285074e-06,1.587618569645351e-06,0.0255817135073226,-8.240648533919663e-06,0.8416345600108421
showcases,31,2022Q4,2022,1.2528500811480164e-06,1.7414036612936704e-06,0.0315770469630995,-1.3730390794868453e-05,0.7194484018813233
showcases,32,2023Q1,2023,1.6142780178693473e-06,1.9100851864213303e-06,0.0453715362686002,-4.6095787456262845e-06,0.845134043939581
showcases,33,2023Q2,2023,1.4858709020447684e-06,2.0951060919877842e-06,0.0783600738841893,-5.679710338678461e-06,0.7092103391456474
showcases,34,2023Q3,2023,3.809475907170939e-06,2.2980490963904564e-06,0.1455438832721339,1.2682730175391614e-05,1.6576999652246243
showcases,35,2023Q4,2023,4.083818178234752e-06,2.520650228461927e-06,0.2014588297189642,1.0279892908236501e-05,1.6201447277858352
showcases,36,2024Q1,2024,3.2283977815692135e-06,2.7648136779257157e-06,0.2441403906410504,4.663655989213267e-06,1.1676728190925687
showcases,37,2024Q2,2024,3.875897772765588e-06,3.0326280843453343e-06,0.2684933101588826,6.17337556859827e-06,1.278065646352508
showcases,38,2024Q3,2024,4.902918790757184e-06,3.326384403906716e-06,0.3374619590875166,7.99812397157044e-06,1.4739483461378926
showcases,39,2024Q4,2024,4.3585644642646715e-06,3.6485955068712065e-06,0.4010375087971567,5.418926066531062e-06,1.1945869187352827
showcases,40,2025Q1,2025,4.036801335723011e-06,4.0020176733410705e-06,0.4830392021193057,4.074027692878469e-06,1.0086915314276714
showcases,41,2025Q2,2025,2.9235918466226854e-06,4.389674171217908e-06,0.6047204670325916,1.9652774383118802e-06,0.666015684214562
showcases,42,2025Q3,2025,2.9458705492422208e-06,4.81488111804633e-06,0.736230847313499,2.276260825750625e-06,0.6118262272771394
showcases,43,2025Q4,2025,2.6241397237325884e-06,5.281275847971872e-06,0.8525674304452211,2.164647145827228e-06,0.4968760957146968
showcases,44,2026Q1,2026,1.884886855231487e-06,5.792848026471809e-06,0.9059333633046016,1.4791078226833878e-06,0.32538172011729705
boasts,0,2015Q1,2015,1.7717897583641985e-07,1.1382003485062449e-07,0.0,,1.5566589490940377
boasts,1,2015Q2,2015,8.708941640206362e-08,1.1695989585487086e-07,0.0,,0.7446092163943795
boasts,2,2015Q3,2015,2.1812221291615917e-07,1.201863736585142e-07,0.0,,1.814866413524634
boasts,3,2015Q4,2015,2.1171444835937392e-07,1.2350185768896106e-07,0.0,,1.7142612453051185
boasts,4,2016Q1,2016,1.7573132788741947e-07,1.2690880328881498e-07,0.0,,1.384705578599585
boasts,5,2016Q2,2016,4.272623455745704e-08,1.3040973353422458e-07,0.0,,0.32763071742834304
boasts,6,2016Q3,2016,2.0731293045161172e-07,1.3400724110339444e-07,0.0,,1.5470278228596441
boasts,7,2016Q4,2016,3.966212470557317e-08,1.377039901966397e-07,0.0,,0.2880245129348548
boasts,8,2017Q1,2017,1.3146714839735631e-07,1.4150271850940985e-07,0.0,,0.9290786055719051
boasts,9,2017Q2,2017,8.485466432513049e-08,1.4540623925973854e-07,0.0,,0.5835696236772547
boasts,10,2017Q3,2017,2.9651136587367666e-07,1.4941744327162431e-07,0.0,,1.9844494684241916
boasts,11,2017Q4,2017,1.1533148305753603e-07,1.5353930111588233e-07,0.0,,0.7511528463353542
boasts,12,2018Q1,2018,2.474981545918848e-07,1.5777486531005684e-07,0.0,,1.568679232306775
boasts,13,2018Q2,2018,3.438524680354746e-07,1.62127272579018e-07,0.0,,2.120879865340897
boasts,14,2018Q3,2018,1.1936800846653412e-07,1.6659974617792168e-07,0.0,,0.7164957402699401
boasts,15,2018Q4,2018,1.0958294448129882e-07,1.711955982792491e-07,0.0,,0.6401037502293162
boasts,16,2019Q1,2019,7.686708516438738e-08,1.759182324256987e-07,0.0,,0.4369478029905352
boasts,17,2019Q2,2019,1.882572719360103e-07,1.8077114605074145e-07,0.0,,1.0414121725110241
boasts,18,2019Q3,2019,2.5268809596487433e-07,1.8575793306870846e-07,0.0,,1.3603085036018872
boasts,19,2019Q4,2019,3.5685846643499893e-07,1.9088228653633216e-07,0.0,,1.86952112168394
boasts,20,2020Q1,2020,8.153287346346714e-08,1.961480013877059e-07,0.0066251231857163,-1.7103926987609908e-05,0.4156701719448538
boasts,21,2020Q2,2020,6.520098971190323e-08,2.0155897724469303e-07,0.0082047179568557,-1.6417901709865428e-05,0.32348343201180807
boasts,22,2020Q3,2020,2.1536911543504607e-07,2.0711922130486187e-07,0.0099446543138359,1.0367000060995835e-06,1.0398316200602216
boasts,23,2020Q4,2020,1.2021853686286543e-07,2.1283285130909167e-07,0.0120938189286729,-7.4451546704529166e-06,0.5648495339108864
boasts,24,2021Q1,2021,1.0366372841043041e-07,2.1870409859103993e-07,0.0134601634650189,-8.328024957083767e-06,0.4739907897394905
boasts,25,2021Q2,2021,9.887377822908164e-08,2.2473731121073486e-07,0.015056340729309,-8.1347661859866e-06,0.43995266160485597
boasts,26,2021Q3,2021,1.6389841156871037e-07,2.309369571746097e-07,0.0169425234059064,-3.7258848219547464e-06,0.7097106222144774
boasts,27,2021Q4,2021,2.1456581243827594e-07,2.3730762774436919e-07,0.0186303001379809,-9.833820625806054e-07,0.9041673648577743
boasts,28,2022Q1,2022,9.900904160468838e-08,2.4385404083713123e-07,0.020437028289517,-6.843526628236947e-06,0.40601763770162813
boasts,29,2022Q2,2022,2.555173706138287e-07,2.505810445193679e-07,0.0224213957963651,4.707424537060824e-07,1.0196995191872116
boasts,30,2022Q3,2022,1.5907079242006042e-07,2.5749362059722855e-07,0.0255817135073226,-3.589896357755676e-06,0.6177659549433223
boasts,31,2022Q4,2022,3.361305095762971e-07,2.645968883059101e-07,0.0315770469630995,2.5299645572326537e-06,1.2703494426120552
boasts,32,2023Q1,2023,3.228556035738695e-07,2.718961081007993e-07,0.0453715362686002,1.395056125680746e-06,1.1874226734211955
boasts,33,2023Q2,2023,1.9380924809279586e-07,2.793966855532005e-07,0.0783600738841893,-8.128360449429051e-07,0.6936705340976288
boasts,34,2023Q3,2023,4.6457023258182183e-07,2.8710417535352866e-07,0.1455438832721339,1.506434409221702e-06,1.6181242645104987
boasts,35,2023Q4,2023,6.21450592340071e-07,2.950242854249403e-07,0.2014588297189642,1.915337018157959e-06,2.1064387680660266
boasts,36,2024Q1,2024,4.656342954186366e-07,3.031628811504397e-07,0.2441403906410504,9.686464328134333e-07,1.5359211973829112
boasts,37,2024Q2,2024,7.464692006807799e-07,3.1152598971659405e-07,0.2684933101588826,1.931466578578214e-06,2.3961699033838837
boasts,38,2024Q3,2024,6.834371647722135e-07,3.201198045770806e-07,0.3374619590875166,1.3967370362719603e-06,2.134941840524743
boasts,39,2024Q4,2024,7.132196396069462e-07,3.2895069003936025e-07,0.4010375087971567,1.2871377452106702e-06,2.1681658108745925
boasts,40,2025Q1,2025,5.727893787174542e-07,3.3802518597788373e-07,0.4830392021193057,8.240399684418258e-07,1.6945168658377148
boasts,41,2025Q2,2025,2.9504137901696824e-07,3.473500126773131e-07,0.6047204670325916,2.608494946494924e-07,0.849406558942782
boasts,42,2025Q3,2025,3.0686151554606464e-07,3.569320758093558e-07,0.736230847313499,2.889227544857543e-07,0.8597196395147328
boasts,43,2025Q4,2025,4.0371380365116747e-07,3.66778471546884e-07,0.8525674304452211,4.1010094761777426e-07,1.100702017619816
boasts,44,2026Q1,2026,3.6958565788852685e-07,3.768964918191376e-07,0.9059333633046016,3.6882654514674355e-07,0.9806025418402701
tapestry,0,2015Q1,2015,4.429474395910496e-08,3.995625568544487e-08,0.0,,1.1085809518242846
tapestry,1,2015Q2,2015,4.354470820103181e-08,4.339807379819106e-08,0.0,,1.0033788228372216
tapestry,2,2015Q3,2015,4.362444258323184e-08,4.713636893857666e-08,0.0,,0.9254943383542926
tapestry,3,2015Q4,2015,0.0,5.119667953572249e-08,0.0,,0.0
tapestry,4,2016Q1,2016,4.393283197185487e-08,5.56067438902436e-08,0.0,,0.7900630193087612
tapestry,5,2016Q2,2016,0.0,6.039668967042312e-08,0.0,,0.0
tapestry,6,2016Q3,2016,1.6585034436128938e-07,6.559923973152147e-08,0.0,,2.5282357698056623
tapestry,7,2016Q4,2016,3.966212470557317e-08,7.124993566428819e-08,0.0,,0.5566619020184264
tapestry,8,2017Q1,2017,4.3822382799118765e-08,7.738738059986728e-08,0.0,,0.566272982228241
tapestry,9,2017Q2,2017,4.242733216256524e-08,8.405350292983406e-08,0.0,,0.5047657823134701
tapestry,10,2017Q3,2017,4.235876655338238e-08,9.129384274298257e-08,0.0,,0.46398273181066585
tapestry,11,2017Q4,2017,7.688765537169068e-08,9.915786293568164e-08,0.0,,0.7754065395859082
tapestry,12,2018Q1,2018,1.7324870821431938e-06,1.0769928712117043e-07,0.0,,16.08633750930965
tapestry,13,2018Q2,2018,0.0,1.1697646664624087e-07,0.0,,0.0
tapestry,14,2018Q3,2018,0.0,1.2705277922261536e-07,0.0,,0.0
tapestry,15,2018Q4,2018,0.0,1.3799706189629005e-07,0.0,,0.0
tapestry,16,2019Q1,2019,0.0,1.4988408131271186e-07,0.0,,0.0
tapestry,17,2019Q2,2019,0.0,1.6279504449043364e-07,0.0,,0.0
tapestry,18,2019Q3,2019,0.0,1.768181535926359e-07,0.0,,0.0
tapestry,19,2019Q4,2019,1.0705753993049967e-07,1.9204920848647944e-07,0.0,,0.5574484829914657
tapestry,20,2020Q1,2020,0.0,2.085922612067098e-07,0.0066251231857163,-3.127644663685222e-05,0.0
tapestry,21,2020Q2,2020,3.2600494855951615e-08,2.265603267945338e-07,0.0082047179568557,-2.341347616909905e-05,0.14389321959937323
tapestry,22,2020Q3,2020,0.0,2.4607615536790936e-07,0.0099446543138359,-2.449848988002922e-05,0.0
tapestry,23,2020Q4,2020,3.005463421571636e-08,2.6727307069770893e-07,0.0120938189286729,-1.934757629004292e-05,0.11244916720288943
tapestry,24,2021Q1,2021,0.0,2.9029588101854106e-07,0.0134601634650189,-2.1276743908132595e-05,0.0
tapestry,25,2021Q2,2021,6.59158521527211e-08,3.1530186829650237e-07,0.015056340729309,-1.6248219151012066e-05,0.20905633229783274
tapestry,26,2021Q3,2021,9.833904694122623e-08,3.4246186271211795e-07,0.0169425234059064,-1.4066419855921784e-05,0.287153279382506
tapestry,27,2021Q4,2021,9.195677675926112e-08,3.719614096988677e-07,0.0186303001379809,-1.4657567415162711e-05,0.24722128253494746
tapestry,28,2022Q1,2022,0.0,4.0400203751000907e-07,0.020437028289517,-1.936413801625889e-05,0.0
tapestry,29,2022Q2,2022,9.581901398018577e-08,4.388026339731759e-07,0.0224213957963651,-1.4858354737852612e-05,0.21836471926475082
tapestry,30,2022Q3,2022,3.181415848401208e-08,4.7660094183813867e-07,0.0255817135073226,-1.6910302528361746e-05,0.06675219390316833
tapestry,31,2022Q4,2022,6.11146381047813e-08,5.176551829333049e-07,0.0315770469630995,-1.3940332144445047e-05,0.11806051618854428
tapestry,32,2023Q1,2023,3.2285560357386945e-08,5.622458222265101e-07,0.0453715362686002,-1.1118210813223306e-05,0.05742249934296562
tapestry,33,2023Q2,2023,1.2920616539519724e-07,6.106774838413898e-07,0.0783600738841893,-5.5336673920679095e-06,0.21157840073362805
tapestry,34,2023Q3,2023,3.097134883878812e-07,6.632810321187417e-07,0.1455438832721339,-1.7660037703883466e-06,0.4669415728632441
tapestry,35,2023Q4,2023,1.7755731209716315e-07,7.204158319398077e-07,0.2014588297189642,-1.9742216808459762e-06,0.24646503342252818
tapestry,36,2024Q1,2024,4.035497226961517e-07,7.824722037530149e-07,0.2441403906410504,-7.695957685391133e-07,0.5157368156473594
tapestry,37,2024Q2,2024,4.3065530808506534e-07,8.498740900758752e-07,0.2684933101588826,-7.115010583132393e-07,0.5067283649588814
tapestry,38,2024Q3,2024,2.0800261536545628e-07,9.230819516884516e-07,0.3374619590875166,-1.1959104771368325e-06,0.22533493909721572
tapestry,39,2024Q4,2024,1.5849325324598806e-07,1.0025959133039229e-06,0.4010375087971567,-1.1022013725900477e-06,0.15808288378484847
tapestry,40,2025Q1,2025,1.3637842350415576e-07,1.0889591802061242e-06,0.4830392021193057,-8.830976477336727e-07,0.12523740649152826
tapestry,41,2025Q2,2025,8.046583064099134e-08,1.1827617491950873e-06,0.6047204670325916,-6.400571872353996e-07,0.06803215499296565
tapestry,42,2025Q3,2025,3.068615155460647e-08,1.2846444391921366e-06,0.736230847313499,-4.185690192132193e-07,0.02388688310821927
tapestry,43,2025Q4,2025,1.682140848546531e-07,1.3953032690399174e-06,0.8525674304452211,-4.398368981618549e-08,0.12055736454369388
tapestry,44,2026Q1,2026,7.391713157770536e-08,1.5154942124046343e-06,0.9059333633046016,-7.576750641367137e-08,0.04877427506662732
realm,0,2015Q1,2015,3.765053236523922e-06,3.9484940254587134e-06,0.0,,0.9535415812327384
realm,1,2015Q2,2015,3.0481295740722265e-06,3.9217546835870975e-06,0.0,,0.7772361659511565
realm,2,2015Q3,2015,3.969824275074097e-06,3.895196421488965e-06,0.0,,1.0191589448925928
realm,3,2015Q4,2015,5.0388038709531e-06,3.868818012885653e-06,0.0,,1.3024142914374988
realm,4,2016Q1,2016,3.1192310700016957e-06,3.842618239802903e-06,0.0,,0.8117462821812059
realm,5,2016Q2,2016,6.665292590963299e-06,3.81659589251462e-06,0.0,,1.7463972552178622
realm,6,2016Q3,2016,3.3170068872257875e-06,3.79074976948702e-06,0.0,,0.8750266013139292
realm,7,2016Q4,2016,3.9265503458517446e-06,3.7650786773231446e-06,0.0,,1.0428866651581903
realm,8,2017Q1,2017,4.075481600318045e-06,3.7395814307077718e-06,0.0,,1.0898229322811401
realm,9,2017Q2,2017,2.8850585870544366e-06,3.7142568523526553e-06,0.0,,0.776752578440289
realm,10,2017Q3,2017,3.0921899583969137e-06,3.6891037729422057e-06,0.0,,0.8381954395201983
realm,11,2017Q4,2017,3.459944491726081e-06,3.6641210310794758e-06,0.0,,0.944276802643377
realm,12,2018Q1,2018,4.537466167517889e-06,3.639307473232537e-06,0.0,,1.2467938477008047
realm,13,2018Q2,2018,2.7508197442837967e-06,3.614661953681223e-06,0.0,,0.7610171516820052
realm,14,2018Q3,2018,3.342304237062955e-06,3.590183334464223e-06,0.0,,0.9309564235837945
realm,15,2018Q4,2018,3.871930705005891e-06,3.565870485326542e-06,0.0,,1.085830436337713
realm,16,2019Q1,2019,4.266123226623499e-06,3.54172228366731e-06,0.0,,1.2045335249171771
realm,17,2019Q2,2019,4.442871617689843e-06,3.5177376144879516e-06,0.0,,1.262991190528733
realm,18,2019Q3,2019,3.609829942355348e-06,3.4939153703407022e-06,0.0,,1.0331761246991344
realm,19,2019Q4,2019,2.7121243449059916e-06,3.4702544512774707e-06,0.0,,0.7815347211521056
realm,20,2020Q1,2020,4.158176546636824e-06,3.4467537647990546e-06,0.0066251231857163,0.00011082932792909372,1.2064037150269842
realm,21,2020Q2,2020,3.846858393002291e-06,3.4234122258046956e-06,0.0082047179568557,5.503349430592933e-05,1.123691258682136
realm,22,2020Q3,2020,3.3843718139792953e-06,3.4002287565419747e-06,0.0099446543138359,1.8057095241723377e-06,0.995336507129948
realm,23,2020Q4,2020,3.486337569023097e-06,3.3772022865570572e-06,0.0120938189286729,1.2401256897404088e-05,1.0323152933125896
realm,24,2021Q1,2021,3.040802700039292e-06,3.354331752645243e-06,0.0134601634650189,-1.9938777088177495e-05,0.9065301002625336
realm,25,2021Q2,2021,4.943688911454082e-06,3.331616098801908e-06,0.015056340729309,0.00011040097920866289,1.4838711198543844
realm,26,2021Q3,2021,3.6385447368253706e-06,3.3090542761737243e-06,0.0169425234059064,2.275659775938245e-05,1.0995723953590262
realm,27,2021Q4,2021,3.923489141728474e-06,3.2866452430102363e-06,0.0186303001379809,3.746987868539197e-05,1.1937671551478286
realm,28,2022Q1,2022,3.432313442295864e-06,3.264387964615758e-06,0.020437028289517,1.1481114746084383e-05,1.0514416422007218
realm,29,2022Q2,2022,3.7369415452272454e-06,3.2422814133016e-06,0.0224213957963651,2.530425009795586e-05,1.152565452800081
realm,30,2022Q3,2022,4.358539712309655e-06,3.220324568338619e-06,0.0255817135073226,4.771363591924674e-05,1.35344733731552
realm,31,2022Q4,2022,3.422419733867752e-06,3.1985164159100826e-06,0.0315770469630995,1.0289214865936769e-05,1.0700022413028516
realm,32,2023Q1,2023,3.551411639312564e-06,3.1768559490648635e-06,0.0453715362686002,1.143215698252172e-05,1.1179013767866794
realm,33,2023Q2,2023,4.134597292646312e-06,3.1553421676709427e-06,0.0783600738841893,1.565220538429628e-05,1.3103483149969082
realm,34,2023Q3,2023,7.526037767825513e-06,3.133974078369231e-06,0.1455438832721339,3.3310877364947917e-05,2.4014358701210763
realm,35,2023Q4,2023,7.250256910634162e-06,3.1127506945277017e-06,0.2014588297189642,2.365047655086419e-05,2.3292122055840534
realm,36,2024Q1,2024,7.51223329942067e-06,3.0916710361958357e-06,0.2441403906410504,2.119831144754918e-05,2.429829438989777
realm,37,2024Q2,2024,7.95276802263754e-06,3.0707341300593732e-06,0.2684933101588826,2.1253808746291685e-05,2.589858869508762
realm,38,2024Q3,2024,5.200065384136407e-06,3.0499390093953736e-06,0.3374619590875166,9.42140197533941e-06,1.7049735644278603
realm,39,2024Q4,2024,3.1434495227120965e-06,3.029284714027584e-06,0.4010375087971567,3.313958357216049e-06,1.0376870513873637
realm,40,2025Q1,2025,3.0548766864930893e-06,3.008770290282082e-06,0.4830392021193057,3.1042209203939207e-06,1.0153240000939667
realm,41,2025Q2,2025,2.869947959528691e-06,2.9883947909432762e-06,0.6047204670325916,2.792524404753418e-06,0.9603643963730784
realm,42,2025Q3,2025,2.240089063486272e-06,2.9681572752101475e-06,0.736230847313499,1.979244335225914e-06,0.7547069968951265
realm,43,2025Q4,2025,2.0858546521976984e-06,2.948056808652813e-06,0.8525674304452211,1.9367559711286045e-06,0.707535433535584
realm,44,2026Q1,2026,2.0327211183868977e-06,2.928092463169385e-06,0.9059333633046016,1.939751177761358e-06,0.6942134321081747
realms,0,2015Q1,2015,4.429474395910496e-08,2.1449746313504495e-07,0.0,,0.20650474514571548
realms,1,2015Q2,2015,2.6126824920619086e-07,2.1719308982106687e-07,0.0,,1.2029307627670613
realms,2,2015Q3,2015,2.61746655499391e-07,2.1992259291347657e-07,0.0,,1.1901762889925962
realms,3,2015Q4,2015,1.6937155868749914e-07,2.22686398142928e-07,0.0,,0.7605833140234748
realms,4,2016Q1,2016,1.317984959155646e-07,2.2548493659030424e-07,0.0,,0.584511311081664
realms,5,2016Q2,2016,3.845361110171134e-07,2.2831864475395792e-07,0.0,,1.6842081006196383
realms,6,2016Q3,2016,3.3170068872257876e-07,2.3118796461779033e-07,0.0,,1.4347662486278656
realms,7,2016Q4,2016,7.139182447003172e-07,2.3409334372019233e-07,0.0,,3.049716123298453
realms,8,2017Q1,2017,4.820462107903064e-07,2.3703523522384557e-07,0.0,,2.033647910341614
realms,9,2017Q2,2017,2.1213666081282624e-07,2.40014097986407e-07,0.0,,0.883850834565728
realms,10,2017Q3,2017,3.8122889898044144e-07,2.430303966320754e-07,0.0,,1.5686469851653382
realms,11,2017Q4,2017,2.3066296611507206e-07,2.4608460162406386e-07,0.0,,0.9373319768599297
realms,12,2018Q1,2018,3.2999753945584643e-07,2.4917718933797666e-07,0.0,,1.3243489114416787
realms,13,2018Q2,2018,2.2923497869031637e-07,2.5230864213611254e-07,0.0,,0.9085498489054978
realms,14,2018Q3,2018,1.1936800846653412e-07,2.554794484427021e-07,0.0,,0.4672313534186508
realms,15,2018Q4,2018,3.2874883344389643e-07,2.586901028200857e-07,0.0,,1.2708210706945187
realms,16,2019Q1,2019,3.459018832397432e-07,2.61941106045856e-07,0.0,,1.32053303302151
realms,17,2019Q2,2019,3.0121163509761645e-07,2.652329651909623e-07,0.0,,1.1356493144837794
realms,18,2019Q3,2019,1.0829489827066042e-07,2.685661936988041e-07,0.0,,0.40323354469592215
realms,19,2019Q4,2019,2.4980092650449923e-07,2.719413114653109e-07,0.0,,0.9185839590111856
realms,20,2020Q1,2020,2.4459862039040143e-07,2.7535884492003606e-07,0.0066251231857163,-4.367607582625551e-06,0.8882904068741014
realms,21,2020Q2,2020,3.912059382714194e-07,2.788193271082622e-07,0.0082047179568557,1.3976622439188328e-05,1.4030804188818617
realms,22,2020Q3,2020,8.922434782309052e-07,2.823232977741461e-07,0.0099446543138359,6.161378452395102e-05,3.1603607823562796
realms,23,2020Q4,2020,3.0054634215716357e-07,2.8587130344490106e-07,0.0120938189286729,1.4993042809694678e-06,1.05133442404124
realms,24,2021Q1,2021,2.0732745682086082e-07,2.894638975160425e-07,0.0134601634650189,-5.812723561695942e-06,0.7162463388352962
realms,25,2021Q2,2021,7.25074373679932e-07,2.9310164033770417e-07,0.015056340729309,2.898352125214553e-05,2.473798416291768
realms,26,2021Q3,2021,4.916952347061311e-07,2.96785099302035e-07,0.0169425234059064,1.1800982598958295e-05,1.6567382791874539
realms,27,2021Q4,2021,1.532612945987685e-07,3.00514848931701e-07,0.0186303001379809,-7.603467010852302e-06,0.5099957461123684
realms,28,2022Q1,2022,2.310210970776062e-07,3.0429147096949175e-07,0.020437028289517,-3.2808860242081684e-06,0.7592098994479157
realms,29,2022Q2,2022,1.9163802796037154e-07,3.0811555446906117e-07,0.0224213957963651,-4.886811985571628e-06,0.6219680414726174
realms,30,2022Q3,2022,2.863274263561087e-07,3.119876958868e-07,0.0255817135073226,-6.910830922895358e-07,0.9177523028343986
realms,31,2022Q4,2022,1.5278659526195324e-07,3.1590849917487184e-07,0.0315770469630995,-4.849929335615082e-06,0.4836419268902857
realms,32,2023Q1,2023,3.551411639312564e-07,3.1987857587540913e-07,0.0453715362686002,1.0970748305292578e-06,1.11023741730544
realms,33,2023Q2,2023,5.491262029295883e-07,3.238985452159023e-07,0.0783600738841893,3.198164055053945e-06,1.6953648327242568
realms,34,2023Q3,2023,4.6457023258182183e-07,3.279690342057789e-07,0.1455438832721339,1.2665258138172572e-06,1.416506389717069
realms,35,2023Q4,2023,9.173794458353429e-07,3.3209067773420236e-07,0.2014588297189642,3.2373431748206818e-06,2.762436609466021
realms,36,2024Q1,2024,1.1796068817272127e-06,3.362641186690996e-07,0.2441403906410504,3.790599392089897e-06,3.5079772602440635
realms,37,2024Q2,2024,7.751795545531176e-07,3.4049000795742773e-07,0.2684933101588826,1.9594858270281507e-06,2.2766587460329824
realms,38,2024Q3,2024,5.645785274205242e-07,3.4476900472670887e-07,0.3374619590875166,9.961298967459793e-07,1.6375559278249323
realms,39,2024Q4,2024,3.169865064919761e-07,3.4910177638783236e-07,0.4010375087971567,2.69021312113604e-07,0.9080059969096863
realms,40,2025Q1,2025,2.4548116230748035e-07,3.534889987391579e-07,0.4830392021193057,1.2988843804387771e-07,0.6944520570175444
realms,41,2025Q2,2025,3.2186332256396537e-07,3.579313560719175e-07,0.6047204670325916,2.9828721390332073e-07,0.8992319815067972
realms,42,2025Q3,2025,1.841169093276388e-07,3.624295412769519e-07,0.736230847313499,1.2023290879411774e-07,0.5080074562325624
realms,43,2025Q4,2025,2.3549971879651436e-07,3.669842559527782e-07,0.8525674304452211,2.1276239330479854e-07,0.6417161362552223
realms,44,2026Q1,2026,1.8479282894426343e-07,3.7159621051502577e-07,0.9059333633046016,1.653962965507649e-07,0.4972947078446894
pivotal,0,2015Q1,2015,1.6832002704459886e-06,1.705477265017662e-06,0.0,,0.9869379703684044
pivotal,1,2015Q2,2015,1.6982436198402406e-06,1.7151436798256054e-06,0.0,,0.9901465631222901
pivotal,2,2015Q3,2015,1.4832310478298826e-06,1.7248648825671998e-06,0.0,,0.8599114416558346
pivotal,3,2015Q4,2015,1.8207442558906159e-06,1.734641183773054e-06,0.0,,1.0496373964385404
pivotal,4,2016Q1,2016,3.6024922216920995e-06,1.7444728957338224e-06,0.0,,2.0650892487364736
pivotal,5,2016Q2,2016,1.3245132712811683e-06,1.7543603325101798e-06,0.0,,0.7549835952948296
pivotal,6,2016Q3,2016,1.2438775827096703e-06,1.7643038099428558e-06,0.0,,0.7050245970675302
pivotal,7,2016Q4,2016,1.2295258658727685e-06,1.7743036456627216e-06,0.0,,0.6929624863694215
pivotal,8,2017Q1,2017,1.8405400775629883e-06,1.7843601591009375e-06,0.0,,1.0314846294765723
pivotal,9,2017Q2,2017,1.9940846116405664e-06,1.7944736714991572e-06,0.0,,1.1112364830488977
pivotal,10,2017Q3,2017,2.2873733938826484e-06,1.8046445059197874e-06,0.0,,1.2674925096767602
pivotal,11,2017Q4,2017,2.2681858334648753e-06,1.81487298725631e-06,0.0,,1.2497766231530478
pivotal,12,2018Q1,2018,2.0212349291670592e-06,1.8251594422436587e-06,0.0,,1.107429237350555
pivotal,13,2018Q2,2018,1.3754098721418984e-06,1.8355041994686571e-06,0.0,,0.7493362709494497
pivotal,14,2018Q3,2018,1.631362782375966e-06,1.8459075893805108e-06,0.0,,0.8837727260894213
pivotal,15,2018Q4,2018,2.1551312414655433e-06,1.856369944301377e-06,0.0,,1.1609384476845759
pivotal,16,2019Q1,2019,2.2291454697672336e-06,1.86689159843696e-06,0.0,,1.19404119212576
pivotal,17,2019Q2,2019,1.7696183561984967e-06,1.8774728878872003e-06,0.0,,0.9425533479686746
pivotal,18,2019Q3,2019,2.0576030671425482e-06,1.8881141506570075e-06,0.0,,1.089766244496692
pivotal,19,2019Q4,2019,1.5701772523139952e-06,1.8988157266670573e-06,0.0,,0.826924503658966
pivotal,20,2020Q1,2020,1.4675917223424084e-06,1.90957795776465e-06,0.0066251231857163,-6.480408502365122e-05,0.7685424501130971
pivotal,21,2020Q2,2020,2.0538311759249518e-06,1.92040118773463e-06,0.0082047179568557,1.8182994111947248e-05,1.0694802674787554
pivotal,22,2020Q3,2020,2.3382932532947858e-06,1.931285762310368e-06,0.0099446543138359,4.2858549610803566e-05,1.2107443128962547
pivotal,23,2020Q4,2020,2.4043707372573085e-06,1.9422320291848042e-06,0.0120938189286729,4.015503402317138e-05,1.2379420692935816
pivotal,24,2021Q1,2021,2.3151566011662792e-06,1.9532403380215563e-06,0.0134601634650189,2.8841194862889917e-05,1.1852901847763953
pivotal,25,2021Q2,2021,1.9445176385052725e-06,1.964311040466088e-06,0.015056340729309,6.496886951916241e-07,0.9899234889215309
pivotal,26,2021Q3,2021,3.376307278315434e-06,1.9754444901569412e-06,0.0169425234059064,8.465868798327983e-05,1.7091380168557404
pivotal,27,2021Q4,2021,2.6360942670988184e-06,1.986641042737034e-06,0.0186303001379809,3.684669265499037e-05,1.3269102018888224
pivotal,28,2022Q1,2022,2.6072380955901274e-06,1.9979010558650206e-06,0.020437028289517,3.181324559094408e-05,1.3049885968758774
pivotal,29,2022Q2,2022,2.5551737061382873e-06,2.0092248892267157e-06,0.0224213957963651,2.6358682071552525e-05,1.2717211098861558
pivotal,30,2022Q3,2022,2.2906194108488698e-06,2.020612904546585e-06,0.0255817135073226,1.2575281426848548e-05,1.1336260427193863
pivotal,31,2022Q4,2022,2.414028205138861e-06,2.032065465599299e-06,0.0315770469630995,1.4128280161860116e-05,1.187967733326403
pivotal,32,2023Q1,2023,2.7765581907352775e-06,2.0435829382213546e-06,0.0453715362686002,1.819854071118937e-05,1.3586716442014692
pivotal,33,2023Q2,2023,3.520868007019125e-06,2.0551656903227607e-06,0.0783600738841893,2.075987389239222e-05,1.7131796349063115
pivotal,34,2023Q3,2023,5.636785488659438e-06,2.0668140918987894e-06,0.1455438832721339,2.65953021087096e-05,2.7272822992419714
pivotal,35,2023Q4,2023,8.552343866013358e-06,2.078528515041797e-06,0.2014588297189642,3.421321012717345e-05,4.114614644024443
pivotal,36,2024Q1,2024,8.971220758399065e-06,2.0903093339531094e-06,0.2441403906410504,3.0274549583501482e-05,4.291814906377063
pivotal,37,2024Q2,2024,1.093864482536066e-05,2.1021569249549733e-06,0.2684933101588826,3.501354639375268e-05,5.2035339015401805
pivotal,38,2024Q3,2024,8.914397801376698e-06,2.1140716665025804e-06,0.3374619590875166,2.2265457479771497e-05,4.21669612370533
pivotal,39,2024Q4,2024,8.003909288922397e-06,2.126053939196152e-06,0.4010375087971567,1.678267637672292e-05,3.7646783749751087
pivotal,40,2025Q1,2025,8.073602671446021e-06,2.1381041257931095e-06,0.4830392021193057,1.4425923664272112e-05,3.7760568225138216
pivotal,41,2025Q2,2025,8.07340500764613e-06,2.1502226112202825e-06,0.6047204670325916,1.194513235768768e-05,3.7546833362822634
pivotal,42,2025Q3,2025,7.027128706004881e-06,2.1624097825862166e-06,0.736230847313499,8.770009750952101e-06,3.2496748593139078
pivotal,43,2025Q4,2025,6.089349871738442e-06,2.174666029193536e-06,0.8525674304452211,6.766307350162847e-06,2.800131050006169
pivotal,44,2026Q1,2026,4.878530684128554e-06,2.1869917425513802e-06,0.9059333633046016,5.158003795534132e-06,2.2307037512803687
meticulous,0,2015Q1,2015,4.429474395910496e-08,1.5001690233746113e-07,0.0,,0.2952650219337585
meticulous,1,2015Q2,2015,1.7417883280412725e-07,1.545742583839594e-07,0.0,,1.1268294904024088
meticulous,2,2015Q3,2015,1.308733277496955e-07,1.5927006212409015e-07,0.0,,0.8217070176548921
meticulous,3,2015Q4,2015,1.6937155868749914e-07,1.6410851945348218e-07,0.0,,1.0320704814810593
meticulous,4,2016Q1,2016,1.7573132788741947e-07,1.690939640384584e-07,0.0,,1.039252517892664
meticulous,5,2016Q2,2016,2.9908364190219933e-07,1.7423086119757638e-07,0.0,,1.7165939480896033
meticulous,6,2016Q3,2016,1.6585034436128938e-07,1.7952381190108584e-07,0.0,,0.9238347972060093
meticulous,7,2016Q4,2016,3.172969976445854e-07,1.8497755689188263e-07,0.0,,1.7153269995345544
meticulous,8,2017Q1,2017,2.6293429679471263e-07,1.9059698093165758e-07,0.0,,1.3795302292274665
meticulous,9,2017Q2,2017,3.818459894630872e-07,1.9638711717603396e-07,0.0,,1.9443535551306808
meticulous,10,2017Q3,2017,1.6943506621352952e-07,2.0235315168262044e-07,0.0,,0.8373235840639582
meticulous,11,2017Q4,2017,1.5377531074338137e-07,2.0850042805601404e-07,0.0,,0.7375299522266177
meticulous,12,2018Q1,2018,3.2999753945584643e-07,2.148344522339101e-07,0.0,,1.5360550229464482
meticulous,13,2018Q2,2018,1.9102914890859699e-07,2.213608974186125e-07,0.0,,0.8629760320647075
meticulous,14,2018Q3,2018,3.581040253996023e-07,2.280856091583581e-07,0.0,,1.5700421728534981
meticulous,15,2018Q4,2018,3.2874883344389643e-07,2.3501461058300302e-07,0.0,,1.3988442362301052
meticulous,16,2019Q1,2019,1.1530062774658105e-07,2.4215410779876684e-07,0.0,,0.4761456611027113
meticulous,17,2019Q2,2019,1.882572719360103e-07,2.4951049544686405e-07,0.0,,0.7545064250658015
meticulous,18,2019Q3,2019,2.887863953884278e-07,2.5709036243099606e-07,0.0,,1.1232875190564138
meticulous,19,2019Q4,2019,1.7842923321749947e-07,2.649004978188453e-07,0.0,,0.6735707735042461
meticulous,20,2020Q1,2020,2.85365057122135e-07,2.729478969228438e-07,0.0066251231857163,2.147201378890167e-06,1.0454927857634355
meticulous,21,2020Q2,2020,1.6300247427975809e-07,2.8123976756567343e-07,0.0082047179568557,-1.4129650881895175e-05,0.5795854394656145
meticulous,22,2020Q3,2020,3.692041978886504e-07,2.897835365361058e-07,0.0099446543138359,8.276050212698737e-06,1.2740689215884737
meticulous,23,2020Q4,2020,2.103824395100145e-07,2.9858685624095944e-07,0.0120938189286729,-6.99476003866116e-06,0.7045937726750972
meticulous,24,2021Q1,2021,5.528732181889622e-07,3.076576115591404e-07,0.0134601634650189,1.852553492538993e-05,1.7970405977837625
meticulous,25,2021Q2,2021,3.62537186839966e-07,3.170039269039023e-07,0.015056340729309,3.3411955784270157e-06,1.1436362646380303
meticulous,26,2021Q3,2021,1.311187292549683e-07,3.266341734996444e-07,0.0169425234059064,-1.1213290521337531e-05,0.40142379424090185
meticulous,27,2021Q4,2021,3.984793659567982e-07,3.3655697687977954e-07,0.0186303001379809,3.66030316552973e-06,1.1839878336533125
meticulous,28,2022Q1,2022,5.280482218916713e-07,3.467812246123714e-07,0.020437028289517,9.216319139392249e-06,1.5227128356845685
meticulous,29,2022Q2,2022,2.2357769928710014e-07,3.573160742604735e-07,0.0224213957963651,-5.6074497319367794e-06,0.6257140817127589
meticulous,30,2022Q3,2022,4.453982187761691e-07,3.6817096158429575e-07,0.0255817135073226,3.3870171061073186e-06,1.2097592294067754
meticulous,31,2022Q4,2022,3.972451476810784e-07,3.7935560899253836e-07,0.0315770469630995,9.458917613264003e-07,1.047157701809259
meticulous,32,2023Q1,2023,3.228556035738695e-07,3.908800342504738e-07,0.0453715362686002,-1.1083954206051571e-06,0.8259710788067148
meticulous,33,2023Q2,2023,6.460308269759862e-07,4.0275455945257177e-07,0.0783600738841893,3.507349226922638e-06,1.6040310700742362
meticulous,34,2023Q3,2023,1.2078826047127366e-06,4.149898202676957e-07,0.1455438832721339,5.8627816932007e-06,2.9106318895571297
meticulous,35,2023Q4,2023,1.6572015795735227e-06,4.2759677546516973e-07,0.2014588297189642,6.531100929756427e-06,3.875617578665561
meticulous,36,2024Q1,2024,1.831494895313304e-06,4.405867167302263e-07,0.2441403906410504,6.13775208511072e-06,4.1569453316831115
meticulous,37,2024Q2,2024,1.8661730017019498e-06,4.5397127877764434e-07,0.2684933101588826,5.713699061524358e-06,4.110773277831092
meticulous,38,2024Q3,2024,1.4857329668961164e-06,4.6776244977262903e-07,0.3374619590875166,3.4843113961369484e-06,3.1762553142482997
meticulous,39,2024Q4,2024,1.0037906038912577e-06,4.819725820682603e-07,0.4010375087971567,1.783142698021008e-06,2.0826715901218917
meticulous,40,2025Q1,2025,1.2546814962382331e-06,4.966144032691407e-07,0.4830392021193057,2.065984114139642e-06,2.52647021105076
meticulous,41,2025Q2,2025,1.20698745961487e-06,5.117010276311449e-07,0.6047204670325916,1.6614660345864203e-06,2.35877474235779
meticulous,42,2025Q3,2025,6.137230310921293e-07,5.272459678074749e-07,0.736230847313499,6.44705136491059e-07,1.1640165474271236
meticulous,43,2025Q4,2025,6.728563394186124e-07,5.43263146951555e-07,0.8525674304452211,6.952665989241249e-07,1.2385458928960145
meticulous,44,2026Q1,2026,4.065442236773795e-07,5.597669111876006e-07,0.9059333633046016,3.9063450728616366e-07,0.7262741250904879
meticulously,0,2015Q1,2015,8.858948791820993e-08,1.0691450843255449e-07,0.0,,0.8286011806722692
meticulously,1,2015Q2,2015,4.354470820103181e-08,1.0778506676914979e-07,0.0,,0.4039957436246184
meticulously,2,2015Q3,2015,0.0,1.0866271368360496e-07,0.0,,0.0
meticulously,3,2015Q4,2015,2.1171444835937392e-07,1.095475068951269e-07,0.0,,1.9326268060308711
meticulously,4,2016Q1,2016,4.393283197185487e-08,1.1043950459290377e-07,0.0,,0.39779997324143873
meticulously,5,2016Q2,2016,1.2817870367237113e-07,1.1133876543993292e-07,0.0,,1.1512495505576925
meticulously,6,2016Q3,2016,2.0731293045161172e-07,1.1224534857688021e-07,0.0,,1.846962329219521
meticulously,7,2016Q4,2016,2.776348729390122e-07,1.1315931362596678e-07,0.0,,2.453486717467179
meticulously,8,2017Q1,2017,8.764476559823753e-08,1.1408072069489263e-07,0.0,,0.7682697397454412
meticulously,9,2017Q2,2017,2.1213666081282624e-07,1.1500963038078775e-07,0.0,,1.8445121518124925
meticulously,10,2017Q3,2017,8.471753310676476e-08,1.1594610377419889e-07,0.0,,0.7306630438548353
meticulously,11,2017Q4,2017,1.5377531074338137e-07,1.1689020246310646e-07,0.0,,1.3155534638749282
meticulously,12,2018Q1,2018,1.237490772959424e-07,1.1784198853697445e-07,0.0,,1.050127198567381
meticulously,13,2018Q2,2018,7.641165956343879e-08,1.1880152459083494e-07,0.0,,0.6431875333806418
meticulously,14,2018Q3,2018,1.5915734462204546e-07,1.1976887372940417e-07,0.0,,1.3288706795526217
meticulously,15,2018Q4,2018,7.305529632086588e-08,1.2074409957123193e-07,0.0,,0.6050423712652522
meticulously,16,2019Q1,2019,1.1530062774658105e-07,1.2172726625288688e-07,0.0,,0.9472046099108595
meticulously,17,2019Q2,2019,1.882572719360103e-07,1.2271843843317387e-07,0.0,,1.5340585680490508
meticulously,18,2019Q3,2019,1.443931976942139e-07,1.2371768129738557e-07,0.0,,1.1671185248544198
meticulously,19,2019Q4,2019,7.137169328699979e-08,1.2472506056159084e-07,0.0,,0.5722321798493377
meticulously,20,2020Q1,2020,4.076643673173357e-08,1.257406424769559e-07,0.0066251231857163,-1.2700316075747676e-05,0.32421050130394163
meticulously,21,2020Q2,2020,2.608039588476129e-07,1.2676449383410068e-07,0.0082047179568557,1.6463641119984485e-05,2.057389659828031
meticulously,22,2020Q3,2020,2.7690314841648783e-07,1.2779668196749305e-07,0.0099446543138359,1.5121426600459927e-05,2.1667475567708574
meticulously,23,2020Q4,2020,3.306009763728799e-07,1.2883727475987518e-07,0.0120938189286729,1.6812045680886145e-05,2.5660351555017646
meticulously,24,2021Q1,2021,2.764366090944811e-07,1.298863406467296e-07,0.0134601634650189,1.1017589809376164e-05,2.128296229750172
meticulously,25,2021Q2,2021,6.59158521527211e-08,1.3094394862077926e-07,0.015056340729309,-4.1880401682485385e-06,0.5033898308933463
meticulously,26,2021Q3,2021,1.9667809388245245e-07,1.3201016823652403e-07,0.0169425234059064,3.948910643840075e-06,1.489870791847354
meticulously,27,2021Q4,2021,1.226090356790148e-07,1.3308506961481663e-07,0.0186303001379809,-4.292265334304141e-07,0.9212831764966406
meticulously,28,2022Q1,2022,1.3201205547291784e-07,1.3416872344747333e-07,0.020437028289517,2.8641249295972947e-08,0.9839257025099458
meticulously,29,2022Q2,2022,1.5969835663364295e-07,1.352612010019224e-07,0.0224213957963651,1.225164606376991e-06,1.1806664102544324
meticulously,30,2022Q3,2022,1.5907079242006042e-07,1.363625741258925e-07,0.0255817135073226,1.0240364309872729e-06,1.1665282313694318
meticulously,31,2022Q4,2022,1.8334391431434386e-07,1.374729152521371e-07,0.0315770469630995,1.5901419731222725e-06,1.3336729928078954
meticulously,32,2023Q1,2023,5.811400864329651e-07,1.3859229740319734e-07,0.0453715362686002,9.892456182678713e-06,4.193162948603796
meticulously,33,2023Q2,2023,5.491262029295883e-07,1.3972079419620587e-07,0.0783600738841893,5.364389282110791e-06,3.9301680618739274
meticulously,34,2023Q3,2023,1.0839972093575843e-06,1.4085847984772767e-07,0.1455438832721339,6.620957184830074e-06,7.695647507550973
meticulously,35,2023Q4,2023,1.3612727260782508e-06,1.4200542917864012e-07,0.2014588297189642,6.194196333893478e-06,9.586061138308985
meticulously,36,2024Q1,2024,1.6762834635070917e-06,1.4316171761905527e-07,0.2441403906410504,6.422834416849404e-06,11.709020339973716
meticulously,37,2024Q2,2024,2.2681179559146774e-06,1.4432742121327973e-07,0.2684933101588826,8.054358898141442e-06,15.715086827214684
meticulously,38,2024Q3,2024,1.7531649009374172e-06,1.4550261662481508e-07,0.3374619590875166,4.90948338844175e-06,12.049026619624513
meticulously,39,2024Q4,2024,1.0037906038912577e-06,1.4668738114140117e-07,0.4010375087971567,2.28390199061918e-06,6.843060364706089
meticulously,40,2025Q1,2025,1.2274058115374019e-06,1.4788179268009833e-07,0.4830392021193057,2.3827397796115036e-06,8.299911634101958
meticulously,41,2025Q2,2025,1.0996996854268818e-06,1.4908592979241086e-07,0.6047204670325916,1.7210746542673794e-06,7.3762808264879025
meticulously,42,2025Q3,2025,4.909784248737035e-07,1.5029987166945453e-07,0.736230847313499,6.130332038130104e-07,3.266658975953638
meticulously,43,2025Q4,2025,8.410704242732655e-07,1.5152369814716394e-07,0.8525674304452211,9.603121898281234e-07,5.550751694671516
meticulously,44,2026Q1,2026,1.8479282894426343e-07,1.5275748971154222e-07,0.9059333633046016,1.8811918465548918e-07,1.2097137056468705
nuanced,0,2015Q1,2015,3.100632077137348e-07,3.4099452226494797e-07,0.0,,0.9092908755666755
nuanced,1,2015Q2,2015,5.660812066134135e-07,3.5133319438670697e-07,0.0,,1.6112374681862163
nuanced,2,2015Q3,2015,2.61746655499391e-07,3.6198532650345734e-07,0.0,,0.7230863693500876
nuanced,3,2015Q4,2015,2.964002277031235e-07,3.72960422463208e-07,0.0,,0.7947230050458315
nuanced,4,2016Q1,2016,3.075298238029841e-07,3.842682742627864e-07,0.0,,0.8002998019885352
nuanced,5,2016Q2,2016,5.981672838043987e-07,3.9591897078426975e-07,0.0,,1.510832589354075
nuanced,6,2016Q3,2016,6.219387913548352e-07,4.079229067963047e-07,0.0,,1.5246478709404734
nuanced,7,2016Q4,2016,1.9831062352786587e-07,4.202907922283323e-07,0.0,,0.4718414659442009
nuanced,8,2017Q1,2017,5.258685935894253e-07,4.330336617260038e-07,0.0,,1.2143827144832022
nuanced,9,2017Q2,2017,6.788373146010439e-07,4.4616288449630773e-07,0.0,,1.5215010889294662
nuanced,10,2017Q3,2017,2.5415259932029427e-07,4.596901744511931e-07,0.0,,0.5528780327395894
nuanced,11,2017Q4,2017,5.766574152876802e-07,4.736276006587391e-07,0.0,,1.2175333837927589
nuanced,12,2018Q1,2018,4.5374661675178886e-07,4.87987598111196e-07,0.0,,0.929832271369313
nuanced,13,2018Q2,2018,5.730874467257909e-07,5.027829788195006e-07,0.0,,1.1398306443693864
nuanced,14,2018Q3,2018,5.968400423326705e-07,5.180269432441763e-07,0.0,,1.152140926483326
nuanced,15,2018Q4,2018,4.3833177792519526e-07,5.337330920727997e-07,0.0,,0.8212565127316633
nuanced,16,2019Q1,2019,6.14936681315099e-07,5.499154383545555e-07,0.0,,1.1182386207506714
nuanced,17,2019Q2,2019,6.777261789696371e-07,5.665884200026996e-07,0.0,,1.1961525422041064
nuanced,18,2019Q3,2019,7.58064287894623e-07,5.837669126760863e-07,0.0,,1.29857357694277
nuanced,19,2019Q4,2019,3.925443130784988e-07,6.014662430512535e-07,0.0,,0.6526456266059282
nuanced,20,2020Q1,2020,7.745622979029379e-07,6.197022024969067e-07,0.0066251231857163,2.3994376312694274e-05,1.2498943763344204
nuanced,21,2020Q2,2020,7.824118765428388e-07,6.38491061162998e-07,0.0082047179568557,1.817971747950482e-05,1.2254077216330828
nuanced,22,2020Q3,2020,7.076413792865799e-07,6.578495824969836e-07,0.0099446543138359,5.664740241362974e-06,1.075688725985966
nuanced,23,2020Q4,2020,6.912565869614762e-07,6.777950382001924e-07,0.0120938189286729,1.7908883332691418e-06,1.0198607956721393
nuanced,24,2021Q1,2021,5.874277943257724e-07,6.983452236376647e-07,0.0134601634650189,-7.542076937664567e-06,0.8411710633114581
nuanced,25,2021Q2,2021,1.087611560519898e-06,7.195184737152025e-07,0.015056340729309,2.5167230797876248e-05,1.5115825378382055
nuanced,26,2021Q3,2021,6.555936462748415e-07,7.413336792378006e-07,0.0169425234059064,-4.319307578785715e-06,0.8843435346804797
nuanced,27,2021Q4,2021,6.13045178395074e-07,7.638103037640509e-07,0.0186303001379809,-7.328658644796665e-06,0.8026144389176114
nuanced,28,2022Q1,2022,9.900904160468837e-07,7.869684009715539e-07,0.020437028289517,1.0725889666717395e-05,1.2581069517207617
nuanced,29,2022Q2,2022,8.943107971484005e-07,8.108286325488464e-07,0.0224213957963651,4.534154573438227e-06,1.1029590732842367
nuanced,30,2022Q3,2022,9.544247545203623e-07,8.35412286629786e-07,0.0255817135073226,5.48765998913454e-06,1.142459561339103
nuanced,31,2022Q4,2022,1.2834074002004072e-06,8.607412967868566e-07,0.0315770469630995,1.4245973421484023e-05,1.4910489423376818
nuanced,32,2023Q1,2023,1.259136853938091e-06,8.868382616003344e-07,0.0453715362686002,9.092392292959185e-06,1.4198043865021444
nuanced,33,2023Q2,2023,1.8734893982303602e-06,9.137264648207739e-07,0.0783600738841893,1.3161838109381609e-05,2.050383205873152
nuanced,34,2023Q3,2023,1.765366883810923e-06,9.414298961428055e-07,0.1455438832721339,6.602519659204458e-06,1.8751973896770475
nuanced,35,2023Q4,2023,2.3674308279621753e-06,9.699732726087777e-07,0.2014588297189642,7.906663797927802e-06,2.440717589666039
nuanced,36,2024Q1,2024,2.6385943407056075e-06,9.993820606613316e-07,0.2441403906410504,7.713602004932424e-06,2.6402258401151832
nuanced,37,2024Q2,2024,3.962028834382601e-06,1.0296824988646096e-06,0.2684933101588826,1.195117001668305e-05,3.847816039168748
nuanced,38,2024Q3,2024,2.9714659337922327e-06,1.060901621314334e-06,0.3374619590875166,6.722471054633536e-06,2.8008873528828535
nuanced,39,2024Q4,2024,2.535892051935809e-06,1.0930672817576688e-06,0.4010375087971567,4.690797515285315e-06,2.319978005249646
nuanced,40,2025Q1,2025,2.891222578288102e-06,1.1262081784443737e-06,0.4830392021193057,4.780185727471105e-06,2.5672185956611813
nuanced,41,2025Q2,2025,3.540496548203619e-06,1.1603538797314255e-06,0.6047204670325916,5.096292545991113e-06,3.051221364488478
nuanced,42,2025Q3,2025,2.9458705492422208e-06,1.195534850463952e-06,0.736230847313499,3.572962671052061e-06,2.46406079094977
nuanced,43,2025Q4,2025,3.26335324618027e-06,1.2317824791560024e-06,0.8525674304452211,3.614668212854927e-06,2.649293443771231
nuanced,44,2026Q1,2026,2.7718924341639512e-06,1.2691291059954402e-06,0.9059333633046016,2.9279302817097713e-06,2.1840901930854546
comprehensive,0,2015Q1,2015,2.4406403921466837e-05,2.359668494496481e-05,0.0,,1.034314946289725
comprehensive,1,2015Q2,2015,2.3862500094165433e-05,2.3690048354070932e-05,0.0,,1.007279501397255
comprehensive,2,2015Q3,2015,2.3382701224612265e-05,2.378378116787014e-05,0.0,,0.9831364096218772
comprehensive,3,2015Q4,2015,2.493996201673425e-05,2.387788484796102e-05,0.0,,1.0444795330715366
comprehensive,4,2016Q1,2016,2.3328333777054936e-05,2.3972360861725183e-05,0.0,,0.9731345991166638
comprehensive,5,2016Q2,2016,2.482394227788254e-05,2.406721068235011e-05,0.0,,1.0314424303472518
comprehensive,6,2016Q3,2016,2.2348333902683745e-05,2.4162435788852155e-05,0.0,,0.9249205708389142
comprehensive,7,2016Q4,2016,2.546308406097798e-05,2.4258037666099593e-05,0.0,,1.049676169666536
comprehensive,8,2017Q1,2017,2.344497479752854e-05,2.435401780483578e-05,0.0,,0.9626737972111222
comprehensive,9,2017Q2,2017,2.354716935022371e-05,2.4450377701702388e-05,0.0,,0.9630595337831616
comprehensive,10,2017Q3,2017,2.4864595966835456e-05,2.4547118859262758e-05,0.0,,1.0129333755783279
comprehensive,11,2017Q4,2017,2.3988948475967496e-05,2.4644242786025316e-05,0.0,,0.9734098419761792
comprehensive,12,2018Q1,2018,2.507981299864433e-05,2.4741750996467107e-05,0.0,,1.0136636247865196
comprehensive,13,2018Q2,2018,2.4337113570955257e-05,2.48396450110574e-05,0.0,,0.9797689765744059
comprehensive,14,2018Q3,2018,2.327676165097415e-05,2.493792635628141e-05,0.0,,0.9333880178498145
comprehensive,15,2018Q4,2018,2.7687957305608165e-05,2.5036596564664075e-05,0.0,,1.1058994074572477
comprehensive,16,2019Q1,2019,2.609637541330951e-05,2.5135657174793993e-05,0.0,,1.0382213296368048
comprehensive,17,2019Q2,2019,2.4021627899034913e-05,2.523510973134738e-05,0.0,,0.9519129559874644
comprehensive,18,2019Q3,2019,2.64600534774647e-05,2.5334955785112207e-05,0.0,,1.0444089068832574
comprehensive,19,2019Q4,2019,2.4944406803806424e-05,2.5435196893012226e-05,0.0,,0.980704293689166
comprehensive,20,2020Q1,2020,2.739504548372496e-05,2.5535834618131482e-05,0.0066251231857163,0.0003061662189107461,1.0728079145795126
comprehensive,21,2020Q2,2020,2.3048549863157794e-05,2.563687052973853e-05,0.0082047179568557,-0.0002898304837646265,0.8990391333615267
comprehensive,22,2020Q3,2020,2.479821529152102e-05,2.573830620331095e-05,0.0099446543138359,-6.879398040236722e-05,0.9634750280626858
comprehensive,23,2020Q4,2020,2.4614745422671697e-05,2.58401432205599e-05,0.0120938189286729,-7.548416179139465e-05,0.9525777474440155
comprehensive,24,2021Q1,2021,2.9578717173109477e-05,2.5942383169454783e-05,0.0134601634650189,0.0002960976463729828,1.1401696204971719
comprehensive,25,2021Q2,2021,2.7388036569455617e-05,2.604502764424803e-05,0.015056340729309,0.00011524392061252783,1.051564887684202
comprehensive,26,2021Q3,2021,2.4945338240757718e-05,2.6148078245499924e-05,0.0169425234059064,-4.484134735109769e-05,0.9540027380425482
comprehensive,27,2021Q4,2021,2.583985426935237e-05,2.625153658010359e-05,0.0186303001379809,4.154076651804469e-06,0.9843177823326639
comprehensive,28,2022Q1,2022,2.8613613023754943e-05,2.635540426131004e-05,0.020437028289517,0.0001368513496822611,1.0856829491232647
comprehensive,29,2022Q2,2022,2.5328159362095774e-05,2.6459682908753308e-05,0.0224213957963651,-2.40065573259859e-05,0.9572359370080279
comprehensive,30,2022Q3,2022,2.662845065111811e-05,2.656437414847575e-05,0.0255817135073226,2.906915173595129e-05,1.002412121674097
comprehensive,31,2022Q4,2022,2.8632207952090036e-05,2.6669479612953355e-05,0.0315770469630995,8.882628425115462e-05,1.0735945495608166
comprehensive,32,2023Q1,2023,2.8540435355930062e-05,2.677500094112123e-05,0.0453715362686002,6.568561671479564e-05,1.0659359235389407
comprehensive,33,2023Q2,2023,3.449804616051766e-05,2.6880939778399137e-05,0.0783600738841893,0.0001240874124697863,1.283364586391412
comprehensive,34,2023Q3,2023,4.809850474663795e-05,2.6987297776717168e-05,0.1455438832721339,0.0001720377560666587,1.7822645729330528
comprehensive,35,2023Q4,2023,4.971604738720568e-05,2.7094076594541492e-05,0.2014588297189642,0.00013938486486240705,1.8349415679005545
comprehensive,36,2024Q1,2024,5.752135662738224e-05,2.720127789690022e-05,0.2441403906410504,0.0001513924395923052,2.114656408621788
comprehensive,37,2024Q2,2024,6.103821233258993e-05,2.730890335540936e-05,0.2684933101588826,0.0001529332958485446,2.2351030189024215
comprehensive,38,2024Q3,2024,5.877559617041036e-05,2.7416954648298902e-05,0.3374619590875166,0.00012034192197470199,2.143768223873731
comprehensive,39,2024Q4,2024,6.186519985035067e-05,2.7525433460438968e-05,0.4010375087971567,0.00011315275169535406,2.24756496348247
comprehensive,40,2025Q1,2025,6.95257203024186e-05,2.763434148336609e-05,0.4830392021193057,0.00011435893575078081,2.515917390116502
comprehensive,41,2025Q2,2025,7.649618299603577e-05,2.774368041530959e-05,0.6047204670325916,0.00010836357876265402,2.7572471226212456
comprehensive,42,2025Q3,2025,7.380019448882856e-05,2.7853451961218067e-05,0.736230847313499,9.02615168980104e-05,2.6495888047048792
comprehensive,43,2025Q4,2025,7.697476522948926e-05,2.7963657832785965e-05,0.8525674304452211,8.545014587644615e-05,2.752671545681705
comprehensive,44,2026Q1,2026,7.277141603825093e-05,2.8074299748480275e-05,0.9059333633046016,7.741249403545032e-05,2.5921008427713397
leverage,0,2015Q1,2015,2.7462741254645077e-06,2.025869346039911e-06,0.0,,1.3556027839765756
leverage,1,2015Q2,2015,1.7417883280412723e-06,2.0862142948742274e-06,0.0,,0.8349038410487358
leverage,2,2015Q3,2015,2.0503488014118964e-06,2.1483567499776062e-06,0.0,,0.9543800402020142
leverage,3,2015Q4,2015,2.498230490640612e-06,2.2123502540052363e-06,0.0,,1.1292201522420868
leverage,4,2016Q1,2016,2.1966415985927437e-06,2.2782499444973705e-06,0.0,,0.9641793710555181
leverage,5,2016Q2,2016,2.1790379624303093e-06,2.3461126013864793e-06,0.0,,0.9287866068928516
leverage,6,2016Q3,2016,2.5706803375999856e-06,2.415996695919505e-06,0.0,,1.064024773685218
leverage,7,2016Q4,2016,2.697024479978976e-06,2.4879624410373382e-06,0.0,,1.0840294192120001
leverage,8,2017Q1,2017,2.4540534367506508e-06,2.5620718432549934e-06,0.0,,0.957839431088275
leverage,9,2017Q2,2017,2.121366608128262e-06,2.6383887560871494e-06,0.0,,0.804038678240255
leverage,10,2017Q3,2017,3.0074724252901493e-06,2.7169789350650482e-06,0.0,,1.1069178293861694
leverage,11,2017Q4,2017,3.0755062148676276e-06,2.797910094392228e-06,0.0,,1.0992155255566567
leverage,12,2018Q1,2018,2.928728162670637e-06,2.8812519652878794e-06,0.0,,1.0164776277655447
leverage,13,2018Q2,2018,2.483378935811761e-06,2.9670763560680364e-06,0.0,,0.8369784386347002
leverage,14,2018Q3,2018,2.2282028247086364e-06,3.0554572140164627e-06,0.0,,0.7292534860207114
leverage,15,2018Q4,2018,2.885684204674202e-06,3.1464706890985e-06,0.0,,0.9171177772836598
leverage,16,2019Q1,2019,3.6127530027262066e-06,3.240195199572723e-06,0.0,,1.1149800491040207
leverage,17,2019Q2,2019,3.012116350976165e-06,3.3367114995570305e-06,0.0,,0.9027200437844394
leverage,18,2019Q3,2019,3.609829942355348e-06,3.436102748607342e-06,0.0,,1.0505593710253331
leverage,19,2019Q4,2019,4.853275143515985e-06,3.538454583368792e-06,0.0,,1.3715804538871363
leverage,20,2020Q1,2020,3.302081375270419e-06,3.643855191361276e-06,0.0066251231857163,-4.794368612828053e-05,0.9062054340410887
leverage,21,2020Q2,2020,3.6838559187225326e-06,3.7523953869628184e-06,0.0082047179568557,-4.60126997980525e-06,0.9817344759354474
leverage,22,2020Q3,2020,3.999712143793713e-06,3.8641686896563155e-06,0.0099446543138359,1.7493949058071657e-05,1.0350770023317624
leverage,23,2020Q4,2020,4.327867327063155e-06,3.979271404606952e-06,0.0120938189286729,3.280357615996648e-05,1.087602952151648
leverage,24,2021Q1,2021,4.457540321648507e-06,4.097802705639893e-06,0.0134601634650189,3.082389833913816e-05,1.0877879297393942
leverage,25,2021Q2,2021,3.889035277010545e-06,4.21986472068955e-06,0.015056340729309,-1.775290074914373e-05,0.9216018840469025
leverage,26,2021Q3,2021,4.326918065413954e-06,4.34556261979421e-06,0.0169425234059064,3.245103500832297e-06,0.9957095188790218
leverage,27,2021Q4,2021,4.567186579043302e-06,4.475004705711737e-06,0.0186303001379809,9.422958987115765e-06,1.020599279641853
leverage,28,2022Q1,2022,5.049461121839108e-06,4.608302507234511e-06,0.020437028289517,2.619454334200818e-05,1.0957312619803123
leverage,29,2022Q2,2022,5.781080510137875e-06,4.745570875283869e-06,0.0224213957963651,5.092956603145881e-05,1.2182054935154802
leverage,30,2022Q3,2022,5.34477862531403e-06,4.886928081867006e-06,0.0255817135073226,2.2784499459013675e-05,1.0936888236898519
leverage,31,2022Q4,2022,4.980843005539675e-06,5.032495921981528e-06,0.0315770469630995,3.3967217945840653e-06,0.9897361235373809
leverage,32,2023Q1,2023,5.0042618553949764e-06,5.182399818555369e-06,0.0453715362686002,1.2561945848200058e-06,0.9656263566306528
leverage,33,2023Q2,2023,6.234197480318267e-06,5.336768930512657e-06,0.0783600738841893,1.6789394040743493e-05,1.1681595290128857
leverage,34,2023Q3,2023,5.8226135816921665e-06,5.495736264058565e-06,0.1455438832721339,7.741638395324469e-06,1.0594783486557278
leverage,35,2023Q4,2023,7.516592878779906e-06,5.6594387872789235e-06,0.2014588297189642,1.4877967923438999e-05,1.3281516350482356
leverage,36,2024Q1,2024,7.0465990040020335e-06,5.828017548153537e-06,0.2441403906410504,1.0819331982642695e-05,1.209090217347505
leverage,37,2024Q2,2024,9.617968547233126e-06,6.0016177960847745e-06,0.2684933101588826,1.9470671267131607e-05,1.6025626546074827
leverage,38,2024Q3,2024,8.706395186011242e-06,6.180389107046071e-06,0.3374619590875166,1.3665695260650432e-05,1.4087131142091605
leverage,39,2024Q4,2024,9.641672905797606e-06,6.364485512458333e-06,0.4010375087971567,1.4536258280468574e-05,1.51491788093857
leverage,40,2025Q1,2025,1.0992100934434954e-05,6.554065631905226e-06,0.4830392021193057,1.574179880771811e-05,1.6771423345114747
leverage,41,2025Q2,2025,1.2686779297729636e-05,6.749292809801565e-06,0.6047204670325916,1.656785661179054e-05,1.8797197951325273
leverage,42,2025Q3,2025,1.3317789774699206e-05,6.9503352561327734e-06,0.736230847313499,1.5599055344134014e-05,1.9161363134171083
leverage,43,2025Q4,2025,1.2784270448953636e-05,7.1573661913865885e-06,0.8525674304452211,1.375731835543842e-05,1.786169675702586
leverage,44,2026Q1,2026,1.4894302012907631e-05,7.370563995801751e-06,0.9059333633046016,1.567552142629234e-05,2.020781858944767
leveraging,0,2015Q1,2015,4.4294743959104964e-07,4.4379018783298016e-07,0.0,,0.9981010210116504
leveraging,1,2015Q2,2015,3.919023738092863e-07,4.772586693504695e-07,0.0,,0.8211529700291254
leveraging,2,2015Q3,2015,3.053710980826229e-07,5.132511797577279e-07,0.0,,0.5949739817973112
leveraging,3,2015Q4,2015,1.2702866901562436e-06,5.519580689465792e-07,0.0,,2.30141882440564
leveraging,4,2016Q1,2016,7.468581435215328e-07,5.935840420650296e-07,0.0,,1.2582180291155998
leveraging,5,2016Q2,2016,6.408935183618556e-07,6.383492421203465e-07,0.0,,1.0039857120109643
leveraging,6,2016Q3,2016,9.121768939870916e-07,6.864904142267669e-07,0.0,,1.3287540147440051
leveraging,7,2016Q4,2016,6.74256119994744e-07,7.382621576550579e-07,0.0,,0.9133017492544703
leveraging,8,2017Q1,2017,6.573357419867815e-07,7.939382723055208e-07,0.0,,0.827943134770341
leveraging,9,2017Q2,2017,5.091279859507829e-07,8.538132067253981e-07,0.0,,0.5962990288044675
leveraging,10,2017Q3,2017,9.318928641744124e-07,9.182036153286449e-07,0.0,,1.0149087289760539
leveraging,11,2017Q4,2017,8.457642090885975e-07,9.874500330535996e-07,0.0,,0.8565134242521097
leveraging,12,2018Q1,2018,1.443739235119328e-06,1.0619186763151227e-06,0.0,,1.3595572498349213
leveraging,13,2018Q2,2018,9.933515743247043e-07,1.1420033797757254e-06,0.0,,0.8698324294975254
leveraging,14,2018Q3,2018,1.1538907485098297e-06,1.2281276791784822e-06,0.0,,0.9395527582943892
leveraging,15,2018Q4,2018,1.0958294448129882e-06,1.3207470512570089e-06,0.0,,0.8297042524305033
leveraging,16,2019Q1,2019,1.8832435865274906e-06,1.4203513225684548e-06,0.0,,1.3258998366136463
leveraging,17,2019Q2,2019,1.5437096298752845e-06,1.5274672599888971e-06,0.0,,1.0106335306240903
leveraging,18,2019Q3,2019,1.7688166717541203e-06,1.642661356571195e-06,0.0,,1.076799344355586
leveraging,19,2019Q4,2019,1.7842923321749946e-06,1.7665428274985922e-06,0.0,,1.010047593752106
leveraging,20,2020Q1,2020,1.7529567794645434e-06,1.8997668319784773e-06,0.0066251231857163,-2.0259829057567376e-05,0.922722067759736
leveraging,21,2020Q2,2020,1.7278262273654356e-06,2.043037938115551e-06,0.0082047179568557,-3.637531018885824e-05,0.8457142156445421
leveraging,22,2020Q3,2020,1.9690890554061355e-06,2.1971138490887867e-06,0.0099446543138359,-2.0732269766126698e-05,0.8962162139311897
leveraging,23,2020Q4,2020,2.013660492452996e-06,2.3628094103383796e-06,0.0120938189286729,-2.6507220804649903e-05,0.8522314511032094
leveraging,24,2021Q1,2021,2.3842657534398993e-06,2.5410009189551076e-06,0.0134601634650189,-9.103372191560328e-06,0.9383175486691049
leveraging,25,2021Q2,2021,2.3729706774979595e-06,2.732630758062718e-06,0.015056340729309,-2.1154984900411083e-05,0.8683832129519989
leveraging,26,2021Q3,2021,1.9012215741970404e-06,2.9387123807027493e-06,0.0169425234059064,-5.8297195733434785e-05,0.6469573499882256
leveraging,27,2021Q4,2021,2.6973987849383258e-06,3.1603356695794795e-06,0.0186303001379809,-2.1688264793779754e-05,0.8535165460121035
leveraging,28,2022Q1,2022,3.102283303613569e-06,3.3986727010106253e-06,0.020437028289517,-1.1103895539259735e-05,0.912792603621725
leveraging,29,2022Q2,2022,2.7148720627719305e-06,3.654983943566929e-06,0.0224213957963651,-3.8274246927394594e-05,0.7427863171739312
leveraging,30,2022Q3,2022,3.6586282256613894e-06,3.930624924182813e-06,0.0255817135073226,-6.7018410536558454e-06,0.9308006477931821
leveraging,31,2022Q4,2022,3.177961181448627e-06,4.2270533969923665e-06,0.0315770469630995,-2.8996199454032434e-05,0.7518147709489098
leveraging,32,2023Q1,2023,3.3899838375256295e-06,4.545837052803888e-06,0.0453715362686002,-2.09294567180658e-05,0.7457336895599185
leveraging,33,2023Q2,2023,3.8115818791583186e-06,4.888661809985188e-06,0.0783600738841893,-8.856602550264371e-06,0.7796779624585786
leveraging,34,2023Q3,2023,4.893473116528523e-06,5.257340730606845e-06,0.1455438832721339,2.757286410921201e-06,0.9307886567138438
leveraging,35,2023Q4,2023,6.983920942488417e-06,5.653823608997296e-06,0.2014588297189642,1.225615191273366e-05,1.2352562487755103
leveraging,36,2024Q1,2024,7.698487017588124e-06,6.080207283419769e-06,0.2441403906410504,1.2708687437478528e-05,1.2661553560157845
leveraging,37,2024Q2,2024,1.105348624085001e-05,6.538746725405412e-06,0.2684933101588826,2.3353837994431718e-05,1.690459457299851
leveraging,38,2024Q3,2024,9.627549625486834e-06,7.031866965389482e-06,0.3374619590875166,1.4723645520566404e-05,1.3691313662322084
leveraging,39,2024Q4,2024,1.1966240620072099e-05,7.562175917720699e-06,0.4010375087971567,1.8543853705318767e-05,1.5823806203755733
leveraging,40,2025Q1,2025,1.5792621441781238e-05,8.132478172869889e-06,0.4830392021193057,2.3990700932643686e-05,1.9419199297042986
leveraging,41,2025Q2,2025,1.7407441362001127e-05,8.74578982977952e-06,0.6047204670325916,2.306918717520918e-05,1.9903795655743497
leveraging,42,2025Q3,2025,1.779796790167175e-05,9.405354446796202e-06,0.736230847313499,2.0804786412327303e-05,1.8923229318310668
leveraging,43,2025Q4,2025,1.4230911578703653e-05,1.0114660195544534e-05,0.8525674304452211,1.4942725678892359e-05,1.406958939161625
leveraging,44,2026Q1,2026,1.3600752210297787e-05,1.087745830846196e-05,0.9059333633046016,1.38835225645591e-05,1.2503612355578766
harness,0,2015Q1,2015,3.100632077137348e-07,3.356063602134221e-07,0.0,,0.9238895458255212
harness,1,2015Q2,2015,4.354470820103181e-07,3.492897180254414e-07,0.0,,1.2466644723238065
harness,2,2015Q3,2015,8.724888516646367e-07,3.6353097432571547e-07,0.0,,2.400039923098565
harness,3,2015Q4,2015,4.657717863906226e-07,3.783528757768312e-07,0.0,,1.2310512651299492
harness,4,2016Q1,2016,1.317984959155646e-07,3.9377909646933717e-07,0.0,,0.3347016057918846
harness,5,2016Q2,2016,3.845361110171134e-07,4.098342757348823e-07,0.0,,0.9382722085106078
harness,6,2016Q3,2016,4.1462586090322344e-07,4.26544057501068e-07,0.0,,0.9720586973648913
harness,7,2016Q4,2016,6.74256119994744e-07,4.43935131250881e-07,0.0,,1.518816765176671
harness,8,2017Q1,2017,4.3822382799118766e-07,4.6203527465212223e-07,0.0,,0.9484640070417507
harness,9,2017Q2,2017,2.5456399297539147e-07,4.808733979249325e-07,0.0,,0.5293784061956586
harness,10,2017Q3,2017,5.083051986405885e-07,5.004795900182648e-07,0.0,,1.0156362192952528
harness,11,2017Q4,2017,4.997697599159894e-07,5.208851666690706e-07,0.0,,0.9594624533309157
harness,12,2018Q1,2018,3.2999753945584643e-07,5.421227204209533e-07,0.0,,0.60871372297329
harness,13,2018Q2,2018,7.259107658526686e-07,5.642261726821912e-07,0.0,,1.286559895656504
harness,14,2018Q3,2018,8.753653954212501e-07,5.872308279062666e-07,0.0,,1.4906666234507964
harness,15,2018Q4,2018,3.6527648160432936e-07,6.111734299814476e-07,0.0,,0.5976642041121085
harness,16,2019Q1,2019,8.455379368082611e-07,6.360922209194901e-07,0.0,,1.3292694188053598
harness,17,2019Q2,2019,4.5181745264642473e-07,6.62027001937193e-07,0.0,,0.6824758677883791
harness,18,2019Q3,2019,1.2995387792479252e-06,6.890191970283835e-07,0.0,,1.8860704968056092
harness,19,2019Q4,2019,7.137169328699979e-07,7.171119191278515e-07,0.0,,0.9952657511787245
harness,20,2020Q1,2020,8.153287346346714e-07,7.463500389729302e-07,0.0066251231857163,1.1158035033820809e-05,1.0924213734304409
harness,21,2020Q2,2020,6.194094022630807e-07,7.767802567726963e-07,0.0082047179568557,-1.8403751644158715e-05,0.7974062121977105
harness,22,2020Q3,2020,8.614764617401843e-07,8.084511767992827e-07,0.0099446543138359,6.140490206766165e-06,1.0655887287477674
harness,23,2020Q4,2020,1.9836058582372796e-06,8.414133850204196e-07,0.0120938189286729,9.528573076345144e-05,2.3574688655435887
harness,24,2021Q1,2021,1.0366372841043042e-06,8.757195298972183e-07,0.0134601634650189,1.283083096857244e-05,1.1837548995007254
harness,25,2021Q2,2021,9.557798562144558e-07,9.114244064762479e-07,0.015056340729309,3.857389202016818e-06,1.0486660763339608
harness,26,2021Q3,2021,4.5891555239238907e-07,9.485850439102075e-07,0.0169425234059064,-2.7953219001826736e-05,0.48378957199311456
harness,27,2021Q4,2021,5.823929194753203e-07,9.872607965470144e-07,0.0186303001379809,-2.074442758598768e-05,0.5899078759252506
harness,28,2022Q1,2022,8.58078360573966e-07,1.027513438732762e-06,0.020437028289517,-7.263079291214498e-06,0.8351018373367834
harness,29,2022Q2,2022,4.4715539857420027e-07,1.0694072634799997e-06,0.0224213957963651,-2.668318541884878e-05,0.4181338708314871
harness,30,2022Q3,2022,2.6087609956889906e-06,1.1130091851589084e-06,0.0255817135073226,5.958258004099438e-05,2.343880922524937
harness,31,2022Q4,2022,1.222292762095626e-06,1.1583888463754253e-06,0.0315770469630995,3.1821346321950393e-06,1.0551662042673793
harness,32,2023Q1,2023,1.3559935350102518e-06,1.2056187292069884e-06,0.0453715362686002,4.519917035375031e-06,1.1247283259295204
harness,33,2023Q2,2023,5.814277442783877e-07,1.2547742709735997e-06,0.0783600738841893,-7.338205461158494e-06,0.4633723831675704
harness,34,2023Q3,2023,8.362264186472792e-07,1.3059339847291125e-06,0.1455438832721339,-1.921323358704463e-06,0.640328246623229
harness,35,2023Q4,2023,9.173794458353429e-07,1.359179584665183e-06,0.2014588297189642,-8.338250081151517e-07,0.6749508719712914
harness,36,2024Q1,2024,1.3348183135334249e-06,1.4145961166282196e-06,0.2441403906410504,1.0878259214740362e-06,0.9436038299857982
harness,37,2024Q2,2024,1.4355176936168845e-06,1.4722720939577543e-06,0.2684933101588826,1.3353807862409249e-06,0.9750355926111003
harness,38,2024Q3,2024,1.5154476262340387e-06,1.532299638863234e-06,0.3374619590875166,1.4823621209433993e-06,0.9890021427912772
harness,39,2024Q4,2024,9.77375061683593e-07,1.5947746295650196e-06,0.4010375087971567,5.5268836869441916e-08,0.6128609294155724
harness,40,2025Q1,2025,1.4728869738448823e-06,1.6597968534346493e-06,0.4830392021193057,1.272851283034336e-06,0.8873899060580873
harness,41,2025Q2,2025,9.924119112388933e-07,1.7274701663789187e-06,0.6047204670325916,5.119362210057598e-07,0.5744885964190996
harness,42,2025Q3,2025,1.4115629715118976e-06,1.7979026587223877e-06,0.736230847313499,1.2731491950224614e-06,0.7851164603733175
harness,43,2025Q4,2025,1.1774985939825718e-06,1.8712068278532576e-06,0.8525674304452211,1.0575371882466603e-06,0.6292722837771265
harness,44,2026Q1,2026,5.543784868327902e-07,1.9474997579083593e-06,0.9059333633046016,4.097252068157306e-07,0.2846616460831811
harnessing,0,2015Q1,2015,1.328842318773149e-07,1.3824414677628095e-07,0.0,,0.9612286304776437
harnessing,1,2015Q2,2015,4.354470820103181e-08,1.4293697888392187e-07,0.0,,0.3046427071639325
harnessing,2,2015Q3,2015,2.61746655499391e-07,1.4778911374472824e-07,0.0,,1.7710821106316277
harnessing,3,2015Q4,2015,8.468577934374957e-08,1.5280595904569728e-07,0.0,,0.5542046911823898
harnessing,4,2016Q1,2016,3.9539548774669384e-07,1.579931060430232e-07,0.0,,2.5026122825829087
harnessing,5,2016Q2,2016,2.1363117278728523e-07,1.6335633579353463e-07,0.0,,1.3077617819323075
harnessing,6,2016Q3,2016,1.2438775827096704e-07,1.6890162559765933e-07,0.0,,0.7364509242040761
harnessing,7,2016Q4,2016,1.9831062352786587e-07,1.7463515566110674e-07,0.0,,1.135571029653979
harnessing,8,2017Q1,2017,2.1911191399559383e-07,1.8056331598268266e-07,0.0,,1.213490751447034
harnessing,9,2017Q2,2017,2.5456399297539147e-07,1.8669271347592273e-07,0.0,,1.3635454123292388
harnessing,10,2017Q3,2017,1.6943506621352952e-07,1.930301793324713e-07,0.0,,0.877764641774994
harnessing,11,2017Q4,2017,2.3066296611507206e-07,1.9958277663542292e-07,0.0,,1.1557258096294711
harnessing,12,2018Q1,2018,2.8874784702386564e-07,2.0635780823110046e-07,0.0,,1.3992581598874922
harnessing,13,2018Q2,2018,1.9102914890859699e-07,2.1336282486805416e-07,0.0,,0.895325364325915
harnessing,14,2018Q3,2018,3.581040253996023e-07,2.2060563361234098e-07,0.0,,1.623276883440249
harnessing,15,2018Q4,2018,1.4611059264173175e-07,2.280943065484749e-07,0.0,,0.6405709763328974
harnessing,16,2019Q1,2019,3.459018832397432e-07,2.3583718977573333e-07,0.0,,1.4666977823500806
harnessing,17,2019Q2,2019,1.1295436316160618e-07,2.43842912709858e-07,0.0,,0.46322594290861135
harnessing,18,2019Q3,2019,2.5268809596487433e-07,2.521203977005048e-07,0.0,,1.0022516951010203
harnessing,19,2019Q4,2019,2.4980092650449923e-07,2.606788699751742e-07,0.0,,0.9582707126522724
harnessing,20,2020Q1,2020,2.85365057122135e-07,2.6952786792069114e-07,0.0066251231857163,2.6600025440125486e-06,1.058759004490415
harnessing,21,2020Q2,2020,2.9340445370356454e-07,2.7867725371370445e-07,0.0082047179568557,2.073644499059944e-06,1.052846796046691
harnessing,22,2020Q3,2020,1.846020989443252e-07,2.8813722431204866e-07,0.0099446543138359,-1.0122996446133997e-05,0.6406742460474446
harnessing,23,2020Q4,2020,2.4043707372573087e-07,2.979183228192161e-07,0.0120938189286729,-4.455026088908704e-06,0.8070570196907083
harnessing,24,2021Q1,2021,5.183186420521521e-07,3.080314502346071e-07,0.0134601634650189,1.593096146620746e-05,1.682680913450179
harnessing,25,2021Q2,2021,3.295792607636055e-07,3.184878776026561e-07,0.015056340729309,1.055146496078166e-06,1.0348251344586086
harnessing,26,2021Q3,2021,1.6389841156871037e-07,3.292992585743718e-07,0.0169425234059064,-9.43316900208628e-06,0.49771873850634296
harnessing,27,2021Q4,2021,3.984793659567982e-07,3.404776423952861e-07,0.0186303001379809,3.453778186773858e-06,1.170353986104537
harnessing,28,2022Q1,2022,1.3201205547291784e-07,3.520354873342996e-07,0.020437028289517,-1.0413885503940196e-05,0.374996442752252
harnessing,29,2022Q2,2022,2.2357769928710014e-07,3.639856745683734e-07,0.0224213957963651,-5.8982460150410585e-06,0.6142486227026
harnessing,30,2022Q3,2022,4.1358406029215705e-07,3.7634152253855933e-07,0.0255817135073226,1.832168073912349e-06,1.0989594172399137
harnessing,31,2022Q4,2022,3.972451476810784e-07,3.891168017933505e-07,0.0315770469630995,6.465299125641755e-07,1.0208892184821272
harnessing,32,2023Q1,2023,3.8742672428864336e-07,4.023257503359132e-07,0.0453715362686002,7.394749223445981e-08,0.962967754276652
harnessing,33,2023Q2,2023,5.491262029295883e-07,4.1598308949228563e-07,0.0783600738841893,2.115102383765526e-06,1.3200685720176897
harnessing,34,2023Q3,2023,5.884556279369743e-07,4.301040403182486e-07,0.1455438832721339,1.518102958985578e-06,1.3681704256987588
harnessing,35,2023Q4,2023,5.326719362914894e-07,4.4470434056313215e-07,0.2014588297189642,8.813573075791342e-07,1.1978114169449376
harnessing,36,2024Q1,2024,9.002263044760307e-07,4.5980026220948726e-07,0.2441403906410504,2.2637870630419794e-06,1.957863834505347
harnessing,37,2024Q2,2024,9.761520316594815e-07,4.754086296081459e-07,0.2684933101588826,2.340421213180591e-06,2.0532905186514427
harnessing,38,2024Q3,2024,8.022958021239029e-07,4.915468382289065e-07,0.3374619590875166,1.412388300582912e-06,1.6321858665893503
harnessing,39,2024Q4,2024,7.396351818146109e-07,5.082328740477166e-07,0.4010375087971567,1.0852420133198655e-06,1.4553076347146494
harnessing,40,2025Q1,2025,6.818921175207788e-07,5.254853335919854e-07,0.4830392021193057,8.492826221817479e-07,1.2976425295443847
harnessing,41,2025Q2,2025,5.096169273929452e-07,5.433234446663405e-07,0.6047204670325916,4.875844394383619e-07,0.9379623360554693
harnessing,42,2025Q3,2025,6.444091826467358e-07,5.617670877819543e-07,0.736230847313499,6.740173353318117e-07,1.147110958726828
harnessing,43,2025Q4,2025,5.719278885058206e-07,5.808368183132972e-07,0.8525674304452211,5.703872872975226e-07,0.9846619058458665
harnessing,44,2026Q1,2026,3.6958565788852685e-07,6.005538894070309e-07,0.9059333633046016,3.4560331481289744e-07,0.6154079832093748
notably,0,2015Q1,2015,2.059705594098381e-05,1.75982615764965e-05,0.0,,1.1704028748210207
notably,1,2015Q2,2015,1.9290305733057093e-05,1.7820169355558517e-05,0.0,,1.0824984515110687
notably,2,2015Q3,2015,1.7929645901708285e-05,1.8044875312281074e-05,0.0,,0.993614286129516
notably,3,2015Q4,2015,1.7656984993171786e-05,1.8272414730682906e-05,0.0,,0.9663191895224612
notably,4,2016Q1,2016,1.6123349333670736e-05,1.85028233397015e-05,0.0,,0.8713994095741525
notably,5,2016Q2,2016,1.674868394652316e-05,1.8736137318803455e-05,0.0,,0.8939240603085408
notably,6,2016Q3,2016,1.973619097899344e-05,1.897239330366559e-05,0.0,,1.0402583724205359
notably,7,2016Q4,2016,1.9077481983380698e-05,1.9211628391927397e-05,0.0,,0.9930174368455374
notably,8,2017Q1,2017,1.840540077562988e-05,1.9453880149016357e-05,0.0,,0.9461043573130324
notably,9,2017Q2,2017,1.8795308148016403e-05,1.9699186614046507e-05,0.0,,0.9541159498745195
notably,10,2017Q3,2017,2.012041411285663e-05,1.9947586305791603e-05,0.0,,1.0086640962177387
notably,11,2017Q4,2017,2.122099288258663e-05,2.019911822873324e-05,0.0,,1.0505900625107374
notably,12,2018Q1,2018,2.0253598984102573e-05,2.0453821879185574e-05,0.0,,0.9902109788446553
notably,13,2018Q2,2018,1.9905237316275806e-05,2.071173725149724e-05,0.0,,0.9610607296998647
notably,14,2018Q3,2018,2.1605609532442674e-05,2.097290484433119e-05,0.0,,1.030167718435174
notably,15,2018Q4,2018,2.1478257118334568e-05,2.123736566702402e-05,0.0,,1.0113428122436385
notably,16,2019Q1,2019,2.386722994354228e-05,2.1505161246025492e-05,0.0,,1.1098372930337055
notably,17,2019Q2,2019,2.1310723183156366e-05,2.1776333631418922e-05,0.0,,0.9786185105287525
notably,18,2019Q3,2019,2.014285107834284e-05,2.2050925403524122e-05,0.0,,0.913469648540177
notably,19,2019Q4,2019,2.4016574791075425e-05,2.232897967958361e-05,0.0,,1.0755786935054117
notably,20,2020Q1,2020,2.0383218365866785e-05,2.2610540120532788e-05,0.0066251231857163,-0.000313582718816612,0.9014918819810344
notably,21,2020Q2,2020,2.4352569657395857e-05,2.2895650937855857e-05,0.0082047179568557,0.0002004664982480462,1.0636329896666583
notably,22,2020Q3,2020,2.230608695577263e-05,2.3184356900527968e-05,0.0099446543138359,-6.513142734281247e-05,0.9621179941059596
notably,23,2020Q4,2020,2.5516384449143186e-05,2.347670334204515e-05,0.0120938189286729,0.0001921315442262766,1.0868810700284783
notably,24,2021Q1,2021,2.788554294240578e-05,2.3772736167542465e-05,0.0134601634650189,0.0003293267352368652,1.1730051915722952
notably,25,2021Q2,2021,2.9892838951259017e-05,2.4072501861002292e-05,0.015056340729309,0.0004106429969698655,1.2417836386040844
notably,26,2021Q3,2021,2.763327219048457e-05,2.4376047492553518e-05,0.0169425234059064,0.00021662749787541312,1.1336239888327293
notably,27,2021Q4,2021,2.985530018784011e-05,2.4683420725862376e-05,0.0186303001379809,0.00030228922544577757,1.2095284733594007
notably,28,2022Q1,2022,2.7623522607708058e-05,2.4994669825616876e-05,0.020437028289517,0.0001536265210346124,1.1051765356546894
notably,29,2022Q2,2022,2.5040702320155216e-05,2.530984366510559e-05,0.0224213957963651,1.3306070688848591e-05,0.9893661395735354
notably,30,2022Q3,2022,2.8537300160158838e-05,2.562899173389163e-05,0.0255817135073226,0.00013931599809625773,1.1134772860541868
notably,31,2022Q4,2022,3.0496204414285863e-05,2.595216414558379e-05,0.0315770469630995,0.00016985543268149768,1.1750929226253108
notably,32,2023Q1,2023,3.0316141175586343e-05,2.6279411645705672e-05,0.0453715362686002,0.00011524993946700695,1.1536080633882957
notably,33,2023Q2,2023,3.5887012438516035e-05,2.6610785619663617e-05,0.0783600738841893,0.0001449902913940205,1.348588987617032
notably,34,2023Q3,2023,4.66738227000537e-05,2.6946338100815553e-05,0.1455438832721339,0.00016248954442266584,1.732102615406621
notably,35,2023Q4,2023,5.489480232337294e-05,2.7286121778641566e-05,0.2014588297189642,0.0001643299067705706,2.0118213489152676
notably,36,2024Q1,2024,6.540609736313782e-05,2.7630190007017083e-05,0.2441403906410504,0.00018236045506856975,2.3671967998239247
notably,37,2024Q2,2024,7.0311656633355e-05,2.797859681259085e-05,0.2684933101588826,0.00018564755249611718,2.513051569538096
notably,38,2024Q3,2024,7.300891799327516e-05,2.833139690326826e-05,0.3374619590875166,0.0001607241596632934,2.576961462315082
notably,39,2024Q4,2024,7.319746745743882e-05,2.8688645676801973e-05,0.4010375087971567,0.0001396728324530799,2.551443810978755
notably,40,2025Q1,2025,8.147247020138265e-05,2.905039922949031e-05,0.4830392021193057,0.00013757589931704767,2.8045215336895075
notably,41,2025Q2,2025,0.00010020678109158122,2.9416714364985847e-05,0.6047204670325916,0.00014647917642116116,3.4064572898343615
notably,42,2025Q3,2025,9.30097253620122e-05,2.9787648603215036e-05,0.736230847313499,0.00011566027536083332,3.122425895408659
notably,43,2025Q4,2025,8.673118215105914e-05,3.016326018940986e-05,0.8525674304452211,9.651334575637647e-05,2.8753915063037496
notably,44,2026Q1,2026,9.202682881424318e-05,3.0543608103253816e-05,0.9059333633046016,9.841087428574111e-05,3.012965216916843
crucial,0,2015Q1,2015,7.029575866309958e-05,6.171530925547748e-05,0.0,,1.139032753965509
crucial,1,2015Q2,2015,6.274792451768684e-05,6.197702602177059e-05,0.0,,1.0124384557536765
crucial,2,2015Q3,2015,6.024535520744317e-05,6.223985265312946e-05,0.0,,0.9679546566923628
crucial,3,2015Q4,2015,6.368370606649968e-05,6.250379385617041e-05,0.0,,1.0188774494720176
crucial,4,2016Q1,2016,6.053944245721601e-05,6.276885435746954e-05,0.0,,0.9644821954602357
crucial,5,2016Q2,2016,6.092761047893374e-05,6.30350389036468e-05,0.0,,0.9665673495032754
crucial,6,2016Q3,2016,5.7923232768180315e-05,6.330235226145138e-05,0.0,,0.9150249666702079
crucial,7,2016Q4,2016,6.583912701125147e-05,6.357079921784646e-05,0.0,,1.0356819140440854
crucial,8,2017Q1,2017,6.37177445899187e-05,6.384038458009571e-05,0.0,,0.998078959094879
crucial,9,2017Q2,2017,6.185905029302013e-05,6.411111317584903e-05,0.0,,0.9648725038254793
crucial,10,2017Q3,2017,6.535957679186901e-05,6.438298985322863e-05,0.0,,1.0151683999277863
crucial,11,2017Q4,2017,6.612338361965399e-05,6.465601948091657e-05,0.0,,1.0226949346792145
crucial,12,2018Q1,2018,6.286453126633874e-05,6.493020694824152e-05,0.0,,0.9681862144140491
crucial,13,2018Q2,2018,6.235191420376606e-05,6.520555716526611e-05,0.0,,0.9562362000179313
crucial,14,2018Q3,2018,6.203157506644222e-05,6.548207506287542e-05,0.0,,0.9473061903869103
crucial,15,2018Q4,2018,6.717434496703617e-05,6.575976559286491e-05,0.0,,1.0215113202034398
crucial,16,2019Q1,2019,6.70280982633458e-05,6.603863372802922e-05,0.0,,1.0149831163889844
crucial,17,2019Q2,2019,6.76596635338021e-05,6.631868446225089e-05,0.0,,1.0202202302778565
crucial,18,2019Q3,2019,6.956142298918755e-05,6.65999228105904e-05,0.0,,1.0444670211858897
crucial,19,2019Q4,2019,6.81242812424413e-05,6.688235380937565e-05,0.0,,1.018568835609544
crucial,20,2020Q1,2020,6.8854511639898e-05,6.71659825162918e-05,0.0066251231857163,0.0003220335640348755,1.0251396474874261
crucial,21,2020Q2,2020,6.806983325922697e-05,6.74508140104725e-05,0.0082047179568557,0.00014289755721475704,1.0091773428954967
crucial,22,2020Q3,2020,7.10718080935652e-05,6.773685339259062e-05,0.0099446543138359,0.00040308834935507006,1.0492339772803705
crucial,23,2020Q4,2020,6.612019527457598e-05,6.802410578494909e-05,0.0120938189286729,-8.940428979481115e-05,0.9720112379515562
crucial,24,2021Q1,2021,6.558458550766564e-05,6.831257633157341e-05,0.0134601634650189,-0.0001343588719756813,0.9600660526889406
crucial,25,2021Q2,2021,6.76626222347682e-05,6.86022701983033e-05,0.015056340729309,6.1934830681107064e-06,0.9863029610999909
crucial,26,2021Q3,2021,6.706723001391628e-05,6.88931925728854e-05,0.0169425234059064,-3.888075084882302e-05,0.9734957476816399
crucial,27,2021Q4,2021,6.890627805160632e-05,6.918534866506577e-05,0.0186303001379809,5.420595427031281e-05,0.9959663336408051
crucial,28,2022Q1,2022,6.894329597073134e-05,6.947874370668382e-05,0.020437028289517,4.327886139663538e-05,0.9922933589845413
crucial,29,2022Q2,2022,6.598736096102128e-05,6.977338295176569e-05,0.0224213957963651,-9.908416834119145e-05,0.9457383054887608
crucial,30,2022Q3,2022,7.088194510237891e-05,7.006927167661795e-05,0.0255817135073226,0.00010183701958483902,1.011598142899381
crucial,31,2022Q4,2022,7.211527296364192e-05,7.036641517992284e-05,0.0315770469630995,0.0001257502446356273,1.0248535864623394
crucial,32,2023Q1,2023,7.764677265951561e-05,7.066481878283263e-05,0.0453715362686002,0.00022454882736807678,1.0988038177546304
crucial,33,2023Q2,2023,8.47269429579006e-05,7.096448782906522e-05,0.0783600738841893,0.0002465954494483117,1.1939343966236395
crucial,34,2023Q3,2023,9.551563981882257e-05,7.126542768499928e-05,0.1455438832721339,0.00023788329982519024,1.3402801740138541
crucial,35,2023Q4,2023,0.00010514352164687012,7.15676437397711e-05,0.2014588297189642,0.0002382313633391428,1.469148852087196
crucial,36,2024Q1,2024,0.00010675442279631275,7.187114140537073e-05,0.2441403906410504,0.00021475319914005125,1.485358667037049
crucial,37,2024Q2,2024,0.00011464044301224439,7.217592611673857e-05,0.2684933101588826,0.00023033449204293307,1.5883473781385635
crucial,38,2024Q3,2024,0.00012081980486799218,7.248200333186338e-05,0.3374619590875166,0.0002157212640379656,1.6668938400448339
crucial,39,2024Q4,2024,0.00011609630800268624,7.278937853187965e-05,0.4010375087971567,0.00018077660795762167,1.594962209381131
crucial,40,2025Q1,2025,0.00012129496986459614,7.309805722116544e-05,0.4830392021193057,0.00017287652744049674,1.6593460137744311
crucial,41,2025Q2,2025,0.00013078379673515792,7.340804492744164e-05,0.6047204670325916,0.00016828783639417233,1.7816003254742436
crucial,42,2025Q3,2025,0.00011016328408103721,7.371934720187045e-05,0.736230847313499,0.00012322003983401215,1.4943605479762319
crucial,43,2025Q4,2025,0.00011674057488912926,7.403196961915515e-05,0.8525674304452211,0.00012412607800853047,1.5768940835922813
crucial,44,2026Q1,2026,9.92707077088583e-05,7.434591777763925e-05,0.9059333633046016,0.00010185874702183455,1.3352543176044507
robust,0,2015Q1,2015,6.608775798698461e-05,7.022757050347622e-05,0.0,,0.9410514633097454
robust,1,2015Q2,2015,7.237130503011487e-05,7.056317213092304e-05,0.0,,1.0256243142788
robust,2,2015Q3,2015,7.89166166330664e-05,7.090037752241207e-05,0.0,,1.1130634192761575
robust,3,2015Q4,2015,6.660536545385903e-05,7.123919434196781e-05,0.0,,0.9349539403005441
robust,4,2016Q1,2016,7.020466549102408e-05,7.157963029023946e-05,0.0,,0.9807911162206314
robust,5,2016Q2,2016,7.156644288374054e-05,7.192169310467567e-05,0.0,,0.9950605970799646
robust,6,2016Q3,2016,7.247660048588346e-05,7.226539055970105e-05,0.0,,1.002922698189916
robust,7,2016Q4,2016,7.285932308413792e-05,7.261073046689198e-05,0.0,,1.0034236347113914
robust,8,2017Q1,2017,7.327102404012658e-05,7.295772067515478e-05,0.0,,1.0042943140502811
robust,9,2017Q2,2017,7.047179872202087e-05,7.330636907090385e-05,0.0,,0.9613325501616194
robust,10,2017Q3,2017,7.298415477147784e-05,7.365668357824104e-05,0.0,,0.9908694123317565
robust,11,2017Q4,2017,7.327393556922123e-05,7.400867215913562e-05,0.0,,0.990072290604883
robust,12,2018Q1,2018,7.449694453215733e-05,7.436234281360535e-05,0.0,,1.001810079046183
robust,13,2018Q2,2018,7.560933713802269e-05,7.471770357989825e-05,0.0,,1.0119333640543566
robust,14,2018Q3,2018,8.160792845495382e-05,7.50747625346753e-05,0.0,,1.0870221323345646
robust,15,2018Q4,2018,8.0068604767669e-05,7.543352779319387e-05,0.0,,1.061445846562851
robust,16,2019Q1,2019,7.936526543222996e-05,7.579400750949273e-05,0.0,,1.0471179456013056
robust,17,2019Q2,2019,7.033291679529345e-05,7.615620987657651e-05,0.0,,0.9235348884782916
robust,18,2019Q3,2019,7.450689001021438e-05,7.652014312660251e-05,0.0,,0.9736898934825932
robust,19,2019Q4,2019,7.472616287148877e-05,7.688581553106765e-05,0.0,,0.9719109091233321
robust,20,2020Q1,2020,7.378725048443776e-05,7.725323540099644e-05,0.0066251231857163,-0.0004459045715408139,0.9551347603945922
robust,21,2020Q2,2020,6.947165453803289e-05,7.76224110871299e-05,0.0082047179568557,-0.0009158007135050317,0.894994803241194
robust,22,2020Q3,2020,7.587146266611766e-05,7.799335098011533e-05,0.0099446543138359,-0.00013537638989116925,0.9727939845213389
robust,23,2020Q4,2020,8.427319434086866e-05,7.836606351069706e-05,0.0120938189286729,0.0005668082061465978,1.0753786851800369
robust,24,2021Q1,2021,7.709125936122341e-05,7.8740557149908e-05,0.0134601634650189,-4.379122286679755e-05,0.9790540244013689
robust,25,2021Q2,2021,7.708858909260733e-05,7.911684040926211e-05,0.015056340729309,-5.5593933816679515e-05,0.9743638483771233
robust,26,2021Q3,2021,7.617998169713659e-05,7.949492184094832e-05,0.0169425234059064,-0.00011616307221300083,0.9582999760608081
robust,27,2021Q4,2021,8.01863093340757e-05,7.987481003802413e-05,0.0186303001379809,9.65948464166402e-05,1.0038998439671192
robust,28,2022Q1,2022,8.102239904650333e-05,8.025651363461145e-05,0.020437028289517,0.00011773189415677571,1.0095429688782493
robust,29,2022Q2,2022,7.99769370021284e-05,8.064004130609269e-05,0.0224213957963651,5.106541936967476e-05,0.9917769845696472
robust,30,2022Q3,2022,8.704353761225705e-05,8.102540176930797e-05,0.0255817135073226,0.00031627687705560717,1.0742746806746317
robust,31,2022Q4,2022,8.143525527462107e-05,8.141260378275319e-05,0.0315770469630995,8.212994419442462e-05,1.000278230775278
robust,32,2023Q1,2023,8.08753286952543e-05,8.180165614677912e-05,0.0453715362686002,6.138516757912408e-05,0.9886759327969755
robust,33,2023Q2,2023,8.776328784468773e-05,8.219256770379141e-05,0.0783600738841893,0.0001532838756207474,1.0677764461742123
robust,34,2023Q3,2023,7.984413730639578e-05,8.258534733845155e-05,0.1455438832721339,6.375109631788243e-05,0.9668075497603499
robust,35,2023Q4,2023,8.463565209964776e-05,8.298000397787869e-05,0.2014588297189642,9.119829912075581e-05,1.0199523745770178
robust,36,2024Q1,2024,9.185412534291638e-05,8.337654659185309e-05,0.2441403906410504,0.00011810074248915353,1.1016782188468772
robust,37,2024Q2,2024,8.946146266620423e-05,8.377498419301909e-05,0.2684933101588826,0.00010495420266151702,1.0678780011474953
robust,38,2024Q3,2024,9.805837581514368e-05,8.417532583709058e-05,0.3374619590875166,0.00012531492573626823,1.164930160233912
robust,39,2024Q4,2024,0.0001056621688306587,8.457758062305666e-05,0.4010375087971567,0.0001371526833131807,1.2492928746871033
robust,40,2025Q1,2025,0.00011633079524904487,8.498175769338842e-05,0.4830392021193057,0.0001498813298567127,1.3688913762970496
robust,41,2025Q2,2025,0.00014060062807335887,8.538786623424675e-05,0.6047204670325916,0.00017669081503312773,1.6466113310250137
robust,42,2025Q3,2025,0.0001555481022303002,8.579591547569112e-05,0.736230847313499,0.0001805381923160793,1.813001252657211
robust,43,2025Q4,2025,0.00017548093332037413,8.620591469188936e-05,0.8525674304452211,0.00019091906164129166,2.0356020111562505
robust,44,2026Q1,2026,0.00019680436282564054,8.661787320132842e-05,0.9059333633046016,0.00020824546093292648,2.272098766131125
seamless,0,2015Q1,2015,2.657684637546298e-07,3.9747002364741524e-07,0.0,,0.6686503332145263
seamless,1,2015Q2,2015,7.402600394175408e-07,3.9648537542365663e-07,0.0,,1.8670550928304745
seamless,2,2015Q3,2015,2.1812221291615917e-07,3.95503166458375e-07,0.0,,0.5515056045426519
seamless,3,2015Q4,2015,4.2342889671874784e-07,3.945233907088216e-07,0.0,,1.0732669004947795
seamless,4,2016Q1,2016,6.589924795778231e-07,3.935460421472172e-07,0.0,,1.6744990649183256
seamless,5,2016Q2,2016,4.2726234557457047e-07,3.9257111476071515e-07,0.0,,1.0883692903259088
seamless,6,2016Q3,2016,2.9023810263225645e-07,3.915986025513643e-07,0.0,,0.7411622532391116
seamless,7,2016Q4,2016,4.3628337176130494e-07,3.9062849953607223e-07,0.0,,1.116875425831588
seamless,8,2017Q1,2017,4.3822382799118766e-07,3.896607997465684e-07,0.0,,1.1246289805805567
seamless,9,2017Q2,2017,1.6970932865026097e-07,3.8869549722936726e-07,0.0,,0.436612540819109
seamless,10,2017Q3,2017,4.659464320872062e-07,3.87732586045732e-07,0.0,,1.2017211058764328
seamless,11,2017Q4,2017,4.613259322301441e-07,3.8677206027163756e-07,0.0,,1.1927591975132483
seamless,12,2018Q1,2018,4.5374661675178886e-07,3.858139139977345e-07,0.0,,1.1760763422193563
seamless,13,2018Q2,2018,4.2026412759891335e-07,3.848581413293125e-07,0.0,,1.0919974984738725
seamless,14,2018Q3,2018,3.9789336155511367e-07,3.8390473638626425e-07,0.0,,1.0364377509392717
seamless,15,2018Q4,2018,5.113870742460612e-07,3.8295369330304904e-07,0.0,,1.335375746961074
seamless,16,2019Q1,2019,3.459018832397432e-07,3.8200500622865687e-07,0.0,,0.905490445412374
seamless,17,2019Q2,2019,4.141659982592227e-07,3.810586693265723e-07,0.0,,1.0868824976247344
seamless,18,2019Q3,2019,2.887863953884278e-07,3.8011467677473885e-07,0.0,,0.7597349248357662
seamless,19,2019Q4,2019,3.5685846643499893e-07,3.791730227655227e-07,0.0,,0.9411494093968735
seamless,20,2020Q1,2020,4.4843080404906926e-07,3.78233701505678e-07,0.0066251231857163,1.0973825749474765e-05,1.1855918768315719
seamless,21,2020Q2,2020,3.2600494855951617e-07,3.7729670721630843e-07,0.0082047179568557,-5.874198947662831e-06,0.8640545817767074
seamless,22,2020Q3,2020,7.384083957773008e-07,3.7636203413283566e-07,0.0099446543138359,3.678249041415642e-05,1.9619630271120336
seamless,23,2020Q4,2020,5.109287816671781e-07,3.7542967650496124e-07,0.0120938189286729,1.157942619417778e-05,1.3609174064864482
seamless,24,2021Q1,2021,4.1465491364172164e-07,3.7449962859663195e-07,0.0134601634650189,3.3577683793400914e-06,1.1072238314242504
seamless,25,2021Q2,2021,2.9662133468724493e-07,3.7357188468600424e-07,0.015056340729309,-4.737268217980224e-06,0.7940140755950144
seamless,26,2021Q3,2021,3.2779682313742075e-07,3.7264643906540936e-07,0.0169425234059064,-2.274516256448615e-06,0.879645660802581
seamless,27,2021Q4,2021,5.823929194753203e-07,3.717232860413181e-07,0.0186303001379809,1.1679626640991458e-05,1.5667377894926542
seamless,28,2022Q1,2022,2.9702712481406516e-07,3.7080241993430577e-07,0.020437028289517,-3.2390812713302903e-06,0.8010387981467024
seamless,29,2022Q2,2022,4.152157272474717e-07,3.698838350790171e-07,0.0224213957963651,2.391697846131962e-06,1.1225571054187065
seamless,30,2022Q3,2022,6.999114866482658e-07,3.689675258241319e-07,0.0255817135073226,1.3305706917006952e-05,1.896946039044851
seamless,31,2022Q4,2022,3.666878286286877e-07,3.6805348653232956e-07,0.0315770469630995,3.248050502476524e-07,0.9962895123844401
seamless,32,2023Q1,2023,5.165689657181911e-07,3.671417115802549e-07,0.0453715362686002,3.6605557422034314e-06,1.4070015730295804
seamless,33,2023Q2,2023,5.16824661580789e-07,3.6623219535848344e-07,0.0783600738841893,2.2880331681966493e-06,1.4111939587258278
seamless,34,2023Q3,2023,8.981691163248555e-07,3.6532493227148686e-07,0.1455438832721339,4.0263800867301e-06,2.4585486425475933
seamless,35,2023Q4,2023,7.102292483886526e-07,3.6441991673759856e-07,0.2014588297189642,2.0809459788290906e-06,1.9489309331576816
seamless,36,2024Q1,2024,7.450148726698185e-07,3.635171431889794e-07,0.2441403906410504,1.9261333431513186e-06,2.0494628289992702
seamless,37,2024Q2,2024,9.474416777871437e-07,3.6261660607158315e-07,0.2684933101588826,2.5407903243273066e-06,2.612791752841324
seamless,38,2024Q3,2024,1.366874329544427e-06,3.6171829984512295e-07,0.3374619590875166,3.340294114485698e-06,3.778836542496418
seamless,39,2024Q4,2024,9.245439772682637e-07,3.608222189830365e-07,0.4010375087971567,1.7664806572074659e-06,2.5623255127526656
seamless,40,2025Q1,2025,1.4728869738448823e-06,3.599283579724526e-07,0.4830392021193057,2.66400349512362e-06,4.092167069418884
seamless,41,2025Q2,2025,1.5288507821788356e-06,3.5903671131415684e-07,0.6047204670325916,2.293507486885957e-06,4.258201832851272
seamless,42,2025Q3,2025,1.4115629715118976e-06,3.581472735225582e-07,0.736230847313499,1.7889698230438742e-06,3.941291965253476
seamless,43,2025Q4,2025,2.3549971879651436e-06,3.572600391256548e-07,0.8525674304452211,2.7004613830900214e-06,6.591829284150217
seamless,44,2026Q1,2026,1.3305083683986966e-06,3.563750026650007e-07,0.9059333633046016,1.4316564805215166e-06,3.733450321849313
seamlessly,0,2015Q1,2015,3.986526956319447e-07,4.859642762783814e-07,0.0,,0.8203333353737696
seamlessly,1,2015Q2,2015,6.096259148144453e-07,4.886160517076985e-07,0.0,,1.247658386751358
seamlessly,2,2015Q3,2015,4.798688684155502e-07,4.912822971572842e-07,0.0,,0.9767680846475119
seamlessly,3,2015Q4,2015,2.964002277031235e-07,4.939630915861197e-07,0.0,,0.6000452923544952
seamlessly,4,2016Q1,2016,5.271939836622584e-07,4.966585143840442e-07,0.0,,1.0614818197893663
seamlessly,5,2016Q2,2016,5.127148146894845e-07,4.993686453741055e-07,0.0,,1.0267260859066967
seamlessly,6,2016Q3,2016,2.487755165419341e-07,5.020935648149253e-07,0.0,,0.4954764091303067
seamlessly,7,2016Q4,2016,8.329046188170367e-07,5.048333534030719e-07,0.0,,1.6498605197189185
seamlessly,8,2017Q1,2017,7.011581247859002e-07,5.07588092275456e-07,0.0,,1.3813525877699242
seamlessly,9,2017Q2,2017,5.515553181133482e-07,5.103578630117291e-07,0.0,,1.0807226812544912
seamlessly,10,2017Q3,2017,5.083051986405885e-07,5.131427476367011e-07,0.0,,0.9905727031739374
seamlessly,11,2017Q4,2017,5.766574152876802e-07,5.159428286227689e-07,0.0,,1.1176769659285304
seamlessly,12,2018Q1,2018,6.18745386479712e-07,5.18758188892359e-07,0.0,,1.1927433623763
seamlessly,13,2018Q2,2018,6.494991062892297e-07,5.21588911820383e-07,0.0,,1.245231812966328
seamlessly,14,2018Q3,2018,5.172613700216478e-07,5.24435081236707e-07,0.0,,0.9863210691433106
seamlessly,15,2018Q4,2018,1.0958294448129882e-06,5.272967814286338e-07,0.0,,2.0782024154291214
seamlessly,16,2019Q1,2019,3.843354258219369e-07,5.301740971433994e-07,0.0,,0.7249230543188596
seamlessly,17,2019Q2,2019,5.647718158080309e-07,5.330671135906823e-07,0.0,,1.0594760048200857
seamlessly,18,2019Q3,2019,4.331795930826417e-07,5.35975916445128e-07,0.0,,0.8082071969869744
seamlessly,19,2019Q4,2019,3.21172619791499e-07,5.389005918488829e-07,0.0,,0.5959774857355535
seamlessly,20,2020Q1,2020,5.299636775125364e-07,5.418412264141503e-07,0.0066251231857163,-1.250963008112648e-06,0.9780792816740463
seamlessly,21,2020Q2,2020,7.172108868309356e-07,5.447979072257517e-07,0.0082047179568557,2.1558680469894346e-05,1.3164714425632693
seamlessly,22,2020Q3,2020,7.384083957773008e-07,5.477707218437075e-07,0.0099446543138359,1.9717635044664964e-05,1.3480245773120876
seamlessly,23,2020Q4,2020,5.409834158828944e-07,5.507597583058288e-07,0.0120938189286729,-2.576153695667988e-07,0.982249352325582
seamlessly,24,2021Q1,2021,5.874277943257724e-07,5.537651051303254e-07,0.0134601634650189,3.054677466479552e-06,1.0607887511935672
seamlessly,25,2021Q2,2021,7.580322997562926e-07,5.567868513184272e-07,0.015056340729309,1.3922946136364135e-05,1.3614407343875528
seamlessly,26,2021Q3,2021,8.52271740157294e-07,5.598250863570193e-07,0.0169425234059064,1.7820928807088714e-05,1.5223893336101262
seamlessly,27,2021Q4,2021,9.808722854321185e-07,5.628799002212929e-07,0.0186303001379809,2.2999039388531415e-05,1.7425960405523349
seamlessly,28,2022Q1,2022,4.29039180286983e-07,5.659513833774092e-07,0.020437028289517,-6.133271280059142e-06,0.758084868927469
seamlessly,29,2022Q2,2022,8.62371125821672e-07,5.690396267851799e-07,0.0224213957963651,1.36516996761674e-05,1.5154851880767677
seamlessly,30,2022Q3,2022,7.317256451322778e-07,5.721447219007566e-07,0.0255817135073226,6.8102305008632305e-06,1.2789170591338637
seamlessly,31,2022Q4,2022,6.722610191525942e-07,5.752667606793452e-07,0.0315770469630995,3.646936463884814e-06,1.1686074445857193
seamlessly,32,2023Q1,2023,3.551411639312564e-07,5.784058355779259e-07,0.0453715362686002,-4.342403332640207e-06,0.6139999669547075
seamlessly,33,2023Q2,2023,1.0982524058591766e-06,5.815620395579907e-07,0.0783600738841893,7.175358353032862e-06,1.8884527035050127
seamlessly,34,2023Q3,2023,1.1459399070351605e-06,5.847354660882981e-07,0.1455438832721339,4.440647705955761e-06,1.9597578281015668
seamlessly,35,2023Q4,2023,1.8051660063211587e-06,5.879262091476399e-07,0.2014588297189642,6.630053024197508e-06,3.070395533035075
seamlessly,36,2024Q1,2024,1.3037760271721824e-06,5.911343632276245e-07,0.2441403906410504,3.510117420776368e-06,2.2055493780694753
seamlessly,37,2024Q2,2024,1.378096985872209e-06,5.943600233354759e-07,0.2684933101588826,3.5133786092099315e-06,2.318623278427269
seamlessly,38,2024Q3,2024,1.4263036482202717e-06,5.976032849968465e-07,0.3374619590875166,3.0532885582768255e-06,2.3867065058516173
seamlessly,39,2024Q4,2024,1.1886993993449103e-06,6.008642442586463e-07,0.4010375087971567,2.0666502173696776e-06,1.9783160850443717
seamlessly,40,2025Q1,2025,2.12750340666483e-06,6.041429976918874e-07,0.4830392021193057,3.7578423295251833e-06,3.521522908968409
seamlessly,41,2025Q2,2025,1.636138556366824e-06,6.074396423945448e-07,0.6047204670325916,2.308554405419156e-06,2.6934998017533363
seamlessly,42,2025Q3,2025,1.4729352746211104e-06,6.107542759944276e-07,0.736230847313499,1.7818285413186463e-06,2.411665922801577
seamlessly,43,2025Q4,2025,1.783069299459323e-06,6.140869966520766e-07,0.8525674304452211,1.9852187817318673e-06,2.9036102525869913
seamlessly,44,2026Q1,2026,1.7000940262872233e-06,6.17437903063667e-07,0.9059333633046016,1.8125104846433073e-06,2.75346560010573
garner,0,2015Q1,2015,0.0,7.524070038121447e-08,0.0,,0.0
garner,1,2015Q2,2015,0.0,7.613837318101322e-08,0.0,,0.0
garner,2,2015Q3,2015,8.724888516646368e-08,7.704675582869238e-08,0.0,,1.1324147814926167
garner,3,2015Q4,2015,4.2342889671874784e-08,7.796597610003105e-08,0.0,,0.5430944597877987
garner,4,2016Q1,2016,1.317984959155646e-07,7.889616329526125e-08,0.0,,1.670531118507265
garner,5,2016Q2,2016,0.0,7.983744825725395e-08,0.0,,0.0
garner,6,2016Q3,2016,1.2438775827096704e-07,8.078996338992502e-08,0.0,,1.539643701416492
garner,7,2016Q4,2016,1.586484988222927e-07,8.175384267685919e-08,0.0,,1.9405632032413187
garner,8,2017Q1,2017,4.3822382799118765e-08,8.27292217001563e-08,0.0,,0.5297086313461108
garner,9,2017Q2,2017,4.242733216256524e-08,8.371623765950392e-08,0.0,,0.506799318133818
garner,10,2017Q3,2017,1.2707629966014714e-07,8.471502939147438e-08,0.0,,1.5000443318377217
garner,11,2017Q4,2017,3.844382768584534e-08,8.572573738905524e-08,0.0,,0.44845140860524735
garner,12,2018Q1,2018,8.249938486396161e-08,8.674850382141102e-08,0.0,,0.9510179568491801
garner,13,2018Q2,2018,7.641165956343879e-08,8.778347255388094e-08,0.0,,0.8704561045535969
garner,14,2018Q3,2018,1.9894668077755684e-07,8.883078916821661e-08,0.0,,2.239614019423114
garner,15,2018Q4,2018,7.305529632086588e-08,8.989060098305818e-08,0.0,,0.8127134040925449
garner,16,2019Q1,2019,1.5373417032877475e-07,9.096305707465778e-08,0.0,,1.6900725995015504
garner,17,2019Q2,2019,7.530290877440411e-08,9.204830829784878e-08,0.0,,0.8180803120328936
garner,18,2019Q3,2019,7.219659884710695e-08,9.314650730726548e-08,0.0,,0.7750864840154406
garner,19,2019Q4,2019,1.0705753993049967e-07,9.425780857881556e-08,0.0,,1.1357949176272368
garner,20,2020Q1,2020,8.153287346346714e-08,9.538236843141051e-08,0.0066251231857163,-1.9950685680587596e-06,0.8548002613512102
garner,21,2020Q2,2020,9.780148456785484e-08,9.652034504895191e-08,0.0082047179568557,2.5266703109468423e-07,1.0132732587958857
garner,22,2020Q3,2020,3.076701649072087e-08,9.767189850258332e-08,0.0099446543138359,-6.630051348627117e-06,0.31500377245054895
garner,23,2020Q4,2020,3.0054634215716357e-07,9.883719077320609e-08,0.0120938189286729,1.6777535009353147e-05,3.0408223848328872
garner,24,2021Q1,2021,1.0366372841043041e-07,1.0001638577426368e-07,0.0134601634650189,3.709895166463861e-07,1.0364674508874852
garner,25,2021Q2,2021,2.9662133468724493e-07,1.0120964937479964e-07,0.015056340729309,1.3079906719643186e-05,2.9307614098019115
garner,26,2021Q3,2021,2.2945777619619453e-07,1.0241714942278708e-07,0.0169425234059064,7.6007468686616175e-06,2.24042338113681
garner,27,2021Q4,2021,6.13045178395074e-08,1.0363905576874016e-07,0.0186303001379809,-2.1687096243755425e-06,0.5915194555255511
garner,28,2022Q1,2022,6.600602773645892e-08,1.048755402896053e-07,0.020437028289517,-1.7970405309957761e-06,0.6293748528416505
garner,29,2022Q2,2022,2.555173706138287e-07,1.0612677691293759e-07,0.0224213957963651,6.76898555063433e-06,2.4076616481384856
garner,30,2022Q3,2022,1.2725663393604833e-07,1.0739294164136746e-07,0.0255817135073226,8.83873074178034e-07,1.1849627358287151
garner,31,2022Q4,2022,3.666878286286877e-07,1.0867421257735544e-07,0.0315770469630995,8.279597109605802e-06,3.3741935637921046
garner,32,2023Q1,2023,3.2285560357386945e-08,1.0997076994824609e-07,0.0453715362686002,-1.6022306668944803e-06,0.2935831073346219
garner,33,2023Q2,2023,1.9380924809279586e-07,1.1128279613161896e-07,0.0783600738841893,1.1644524509120016e-06,1.741592185224833
garner,34,2023Q3,2023,2.787421395490931e-07,1.126104756809421e-07,0.1455438832721339,1.2540645865178955e-06,2.475277169939765
garner,35,2023Q4,2023,5.326719362914894e-07,1.1395399535153255e-07,0.2014588297189642,2.1923833276576416e-06,4.674447215723056
garner,36,2024Q1,2024,1.2416914544496976e-07,1.153135441268255e-07,0.2441403906410504,1.5158612194523446e-07,1.076795847228532
garner,37,2024Q2,2024,4.3065530808506534e-07,1.1668931324495678e-07,0.2684933101588826,1.2860517627388274e-06,3.690614813894947
garner,38,2024Q3,2024,1.4857329668961164e-07,1.1808149622566347e-07,0.3374619590875166,2.0843775607313414e-07,1.258226745413827
garner,39,2024Q4,2024,1.8490879545365272e-07,1.194902888975055e-07,0.4010375087971567,2.826134509986237e-07,1.5474796919460196
garner,40,2025Q1,2025,4.909623246149607e-07,1.2091588942541027e-07,0.4830392021193057,8.869953992581397e-07,4.060362347314346
garner,41,2025Q2,2025,2.6821943546997117e-07,1.2235849833854776e-07,0.6047204670325916,3.635624017671416e-07,2.1920785160982272
garner,42,2025Q3,2025,2.4548921243685175e-07,1.2381831855853815e-07,0.736230847313499,2.8908019847336354e-07,1.9826566480208718
garner,43,2025Q4,2025,1.682140848546531e-07,1.2529555542799382e-07,0.8525674304452211,1.7563588968665382e-07,1.3425383229281758
garner,44,2026Q1,2026,7.391713157770536e-08,1.2679041673940538e-07,0.9059333633046016,6.842708969641794e-08,0.5829867388923294
encompass,0,2015Q1,2015,6.15696941031559e-06,5.595379089433791e-06,0.0,,1.1003668048054682
encompass,1,2015Q2,2015,6.967153312165089e-06,5.659152011983204e-06,0.0,,1.2311302642891027
encompass,2,2015Q3,2015,5.714801978403371e-06,5.7236517817373365e-06,0.0,,0.9984538187032616
encompass,3,2015Q4,2015,6.182061892093719e-06,5.788886682883872e-06,0.0,,1.0679189679722627
encompass,4,2016Q1,2016,5.271939836622585e-06,5.8548650940288875e-06,0.0,,0.9004374570473362
encompass,5,2016Q2,2016,6.024399072601443e-06,5.921595489273038e-06,0.0,,1.017360791279079
encompass,6,2016Q3,2016,4.851122572567715e-06,5.989086439299908e-06,0.0,,0.8099937480840208
encompass,7,2016Q4,2016,5.790670207013683e-06,6.057346612476829e-06,0.0,,0.9559747159071514
encompass,8,2017Q1,2017,5.5654426154880835e-06,6.126384775968184e-06,0.0,,0.9084383072574067
encompass,9,2017Q2,2017,5.388271184645786e-06,6.196209796861498e-06,0.0,,0.8696076087312361
encompass,10,2017Q3,2017,5.9725860840269154e-06,6.266830643306265e-06,0.0,,0.9530473095529335
encompass,11,2017Q4,2017,6.6892260173370896e-06,6.338256385665818e-06,0.0,,1.0553732147006551
encompass,12,2018Q1,2018,6.352452634525044e-06,6.410496197682254e-06,0.0,,0.990945542846091
encompass,13,2018Q2,2018,6.34216774376542e-06,6.483559357654757e-06,0.0,,0.9781922851184505
encompass,14,2018Q3,2018,6.963133827214489e-06,6.557455249631235e-06,0.0,,1.0618652453032094
encompass,15,2018Q4,2018,7.013308446803124e-06,6.632193364613604e-06,0.0,,1.0574644105256308
encompass,16,2019Q1,2019,6.495268696390733e-06,6.707783301776743e-06,0.0,,0.9683182065035227
encompass,17,2019Q2,2019,7.454987968666008e-06,6.784234769701456e-06,0.0,,1.0988693967313972
encompass,18,2019Q3,2019,7.79723267548755e-06,6.861557587621375e-06,0.0,,1.1363648232806767
encompass,19,2019Q4,2019,6.3520807025429805e-06,6.939761686684137e-06,0.0,,0.915316834975935
encompass,20,2020Q1,2020,6.318797693418703e-06,7.01885711122687e-06,0.0066251231857163,-9.86485241862995e-05,0.9002601981042753
encompass,21,2020Q2,2020,5.998491053495097e-06,7.098854020066333e-06,0.0082047179568557,-0.00012701458806989527,0.8449942816881655
encompass,22,2020Q3,2020,7.999424287587426e-06,7.179762687803642e-06,0.0099446543138359,8.96020947183295e-05,1.1141627704737587
encompass,23,2020Q4,2020,6.612019527457598e-06,7.261593506143937e-06,0.0120938189286729,-4.644964382239602e-05,0.9105466344078964
encompass,24,2021Q1,2021,6.703587770541167e-06,7.3443569852310186e-06,0.0134601634650189,-4.0260504304538766e-05,0.9127535309110936
encompass,25,2021Q2,2021,6.954122402112076e-06,7.428063754997315e-06,0.015056340729309,-2.4049794072878174e-05,0.9361958420770972
encompass,26,2021Q3,2021,6.260919321924736e-06,7.512724566529119e-06,0.0169425234059064,-6.637268285560176e-05,0.8333753309443211
encompass,27,2021Q4,2021,7.601760212098919e-06,7.598350293447439e-06,0.0186303001379809,7.781381088776855e-06,1.0004487709199745
encompass,28,2022Q1,2022,7.128650995537564e-06,7.684951933304597e-06,0.020437028289517,-1.9535294077334036e-05,0.9276116568333799
encompass,29,2022Q2,2022,6.707330978613004e-06,7.772540608996665e-06,0.0224213957963651,-3.97360819610732e-05,0.862952194916719
encompass,30,2022Q3,2022,6.935486549514634e-06,7.861127570192154e-06,0.0255817135073226,-2.832257139948633e-05,0.8822508587460954
encompass,31,2022Q4,2022,6.080906491425739e-06,7.950724194776826e-06,0.0315770469630995,-5.126373324122506e-05,0.7648242276370936
encompass,32,2023Q1,2023,7.651677804700706e-06,8.04134199031508e-06,0.0453715362686002,-5.469540573998579e-07,0.9515423935353474
encompass,33,2023Q2,2023,8.043083795851028e-06,8.13299259552789e-06,0.0783600738841893,6.985612364496696e-06,0.9889451762532895
encompass,34,2023Q3,2023,1.0313459163316445e-05,8.225687781787745e-06,0.1455438832721339,2.257030560145277e-05,1.2538111628976696
encompass,35,2023Q4,2023,1.1896339910509932e-05,8.319439454630467e-06,0.2014588297189642,2.607443416431509e-05,1.429944886958534
encompass,36,2024Q1,2024,1.2292745399052005e-05,8.414259655284371e-06,0.2441403906410504,2.4300552511553342e-05,1.4609420082884945
encompass,37,2024Q2,2024,1.3178052427402998e-05,8.510160562216739e-06,0.2684933101588826,2.589566585627418e-05,1.5485080840790106
encompass,38,2024Q3,2024,1.1440143845100096e-05,8.607154492698086e-06,0.3374619590875166,1.7002143249541367e-05,1.3291435461981527
encompass,39,2024Q4,2024,1.0830372305142517e-05,8.705253904384099e-06,0.4010375087971567,1.4004305374986803e-05,1.244119060064196
encompass,40,2025Q1,2025,1.1810371475459888e-05,8.804471396915696e-06,0.4830392021193057,1.5027361931174582e-05,1.341406081414177
encompass,41,2025Q2,2025,1.2043052652601705e-05,8.904819713537235e-06,0.6047204670325916,1.4094379369859128e-05,1.3524195929866702
encompass,42,2025Q3,2025,1.0801525347221477e-05,9.006311742733305e-06,0.736230847313499,1.1444695859670124e-05,1.1993283883312866
encompass,43,2025Q4,2025,1.1236700868290827e-05,9.108960519884047e-06,0.8525674304452211,1.1604646224527546e-05,1.233587613401344
encompass,44,2026Q1,2026,1.034839842087875e-05,9.212779228939399e-06,0.9059333633046016,1.0466314243696905e-05,1.123265646958316
encompasses,0,2015Q1,2015,6.86568531366127e-06,6.326413823301833e-06,0.0,,1.0852412607555262
encompasses,1,2015Q2,2015,6.8365191875619944e-06,6.364064721971197e-06,0.0,,1.074237847387017
encompasses,2,2015Q3,2015,7.983272992731427e-06,6.401939695481411e-06,0.0,,1.2470084650072766
encompasses,3,2015Q4,2015,5.250518319312473e-06,6.440040077387214e-06,0.0,,0.8152928019421051
encompasses,4,2016Q1,2016,6.4141934678908115e-06,6.478367209179847e-06,0.0,,0.9900941488469346
encompasses,5,2016Q2,2016,6.665292590963299e-06,6.516922440334242e-06,0.0,,1.0227669044687062
encompasses,6,2016Q3,2016,6.385238257909641e-06,6.555707128356605e-06,0.0,,0.9739968752250076
encompasses,7,2016Q4,2016,5.830332331719257e-06,6.594722638832168e-06,0.0,,0.8840906056288254
encompasses,8,2017Q1,2017,6.135133591876628e-06,6.633970345473281e-06,0.0,,0.9248057004148297
encompasses,9,2017Q2,2017,5.642835177621177e-06,6.673451630167778e-06,0.0,,0.8455647077911479
encompasses,10,2017Q3,2017,7.455142913395299e-06,6.713167883027635e-06,0.0,,1.110525320280391
encompasses,11,2017Q4,2017,5.497467359075884e-06,6.753120502437925e-06,0.0,,0.8140632700232816
encompasses,12,2018Q1,2018,7.548693715052487e-06,6.79331089510601e-06,0.0,,1.1111950905251025
encompasses,13,2018Q2,2018,7.679371786125599e-06,6.833740476111134e-06,0.0,,1.1237435505446187
encompasses,14,2018Q3,2018,6.923344491058978e-06,6.8744106689542105e-06,0.0,,1.0071182570348554
encompasses,15,2018Q4,2018,6.721087261519661e-06,6.915322905607947e-06,0.0,,0.971912281358435
encompasses,16,2019Q1,2019,7.72514205902093e-06,6.9564786265672635e-06,0.0,,1.1104960532068753
encompasses,17,2019Q2,2019,7.605593786214816e-06,6.997879280900018e-06,0.0,,1.0868426677455685
encompasses,18,2019Q3,2019,7.327954782981356e-06,7.0395263262980346e-06,0.0,,1.0409727080081823
encompasses,19,2019Q4,2019,6.42345239582998e-06,7.0814212291283775e-06,0.0,,0.9070852005538182
encompasses,20,2020Q1,2020,6.604162750540838e-06,7.1235654644850584e-06,0.0066251231857163,-7.127538643184301e-05,0.9270866932389782
encompasses,21,2020Q2,2020,6.846103919749839e-06,7.165960516240925e-06,0.0082047179568557,-3.1818511366039844e-05,0.9553644489435626
encompasses,22,2020Q3,2020,8.768599699855447e-06,7.208607877099914e-06,0.0099446543138359,0.00016407598340619517,1.2164068082703274
encompasses,23,2020Q4,2020,6.461746356379016e-06,7.251509048649615e-06,0.0120938189286729,-5.805149382649446e-05,0.8910898839162769
encompasses,24,2021Q1,2021,6.738142346677977e-06,7.294665541414134e-06,0.0134601634650189,-3.405128067851725e-05,0.9237081958622232
encompasses,25,2021Q2,2021,6.756374845653912e-06,7.338078874907285e-06,0.015056340729309,-3.129707422846371e-05,0.92072802171117
encompasses,26,2021Q3,2021,7.637665979101903e-06,7.381750577686099e-06,0.0169425234059064,2.248666708183498e-05,1.0346686600586854
encompasses,27,2021Q4,2021,7.2339331050618745e-06,7.425682187404593e-06,0.0186303001379809,-2.8666416572234503e-06,0.9741775802541129
encompasses,28,2022Q1,2022,8.052735383847989e-06,7.469875250867987e-06,0.020437028289517,3.598968374371891e-05,1.0780280946341472
encompasses,29,2022Q2,2022,6.4837532793259045e-06,7.514331324087116e-06,0.0224213957963651,-3.844971364978941e-05,0.8628516630005781
encompasses,30,2022Q3,2022,6.394645855286428e-06,7.55905197233323e-06,0.0255817135073226,-3.795807559277293e-05,0.8459587099931808
encompasses,31,2022Q4,2022,7.08929802015463e-06,7.604038770193102e-06,0.0315770469630995,-8.697065973388234e-06,0.9323069272008196
encompasses,32,2023Q1,2023,7.425678882198998e-06,7.649293301624469e-06,0.0453715362686002,2.7207756049419026e-06,0.9707666563945218
encompasses,33,2023Q2,2023,7.687766841014236e-06,7.694817160011825e-06,0.0783600738841893,7.604843801793599e-06,0.9990837574368593
encompasses,34,2023Q3,2023,1.102580018660857e-05,7.740611948222451e-06,0.1455438832721339,3.031241754065374e-05,1.4244093697450533
encompasses,35,2023Q4,2023,1.1097332006072696e-05,7.78667927866295e-06,0.2014588297189642,2.4220075283336055e-05,1.4251687540902824
encompasses,36,2024Q1,2024,1.3068802558083066e-05,7.833020773335957e-06,0.2441403906410504,2.9278803550201686e-05,1.6684243456330416
encompasses,37,2024Q2,2024,1.4757121890381572e-05,7.879638063897259e-06,0.2684933101588826,3.3494741182908005e-05,1.872817224688962
encompasses,38,2024Q3,2024,1.3074450108685823e-05,7.92653279171325e-06,0.3374619590875166,2.3181340565876394e-05,1.6494538598710442
encompasses,39,2024Q4,2024,1.1385098691503475e-05,7.973706607918719e-06,0.4010375087971567,1.648012311199247e-05,1.4278301486785192
encompasses,40,2025Q1,2025,1.1783095790759058e-05,8.021161173475006e-06,0.4830392021193057,1.580921357331914e-05,1.469001250058945
encompasses,41,2025Q2,2025,1.3115930394481588e-05,8.068898159228417e-06,0.6047204670325916,1.6414956396713472e-05,1.62549212242577
encompasses,42,2025Q3,2025,1.1323189923649786e-05,8.116919245969146e-06,0.736230847313499,1.247189933051776e-05,1.3950107892563883
encompasses,43,2025Q4,2025,1.2616056364098983e-05,8.165226124490396e-06,0.8525674304452211,1.3385728433949144e-05,1.5450957722112528
encompasses,44,2026Q1,2026,1.1050611170866953e-05,8.213820495647921e-06,0.9059333633046016,1.1345166343063432e-05,1.3453679900506834
multifaceted,0,2015Q1,2015,1.7717897583641985e-07,1.0998856432711908e-07,0.0,,1.6108854308659626
multifaceted,1,2015Q2,2015,8.708941640206362e-08,1.1212300455744317e-07,0.0,,0.7767310263028648
multifaceted,2,2015Q3,2015,1.7449777033292735e-07,1.1429886577661954e-07,0.0,,1.5266798069016518
multifaceted,3,2015Q4,2015,1.2702866901562435e-07,1.165169518011673e-07,0.0,,1.0902162050410913
multifaceted,4,2016Q1,2016,1.7573132788741947e-07,1.1877808204648545e-07,0.0,,1.4794928900994089
multifaceted,5,2016Q2,2016,8.545246911491409e-08,1.2108309182956404e-07,0.0,,0.7057341188082359
multifaceted,6,2016Q3,2016,4.1462586090322345e-08,1.234328326775708e-07,0.0,,0.3359121328652501
multifaceted,7,2016Q4,2016,7.932424941114634e-08,1.258281726424269e-07,0.0,,0.6304172407920648
multifaceted,8,2017Q1,2017,1.3146714839735631e-07,1.2826999662148547e-07,0.0,,1.024925172371411
multifaceted,9,2017Q2,2017,1.2728199648769574e-07,1.3075920668443522e-07,0.0,,0.9734075306442388
multifaceted,10,2017Q3,2017,2.9651136587367666e-07,1.3329672240654683e-07,0.0,,2.2244460367850243
multifaceted,11,2017Q4,2017,0.0,1.358834812083867e-07,0.0,,0.0
multifaceted,12,2018Q1,2018,4.5374661675178886e-07,1.3852043870212303e-07,0.0,,3.2756654613802816
multifaceted,13,2018Q2,2018,3.8205829781719395e-08,1.4120856904455248e-07,0.0,,0.27056311129153315
multifaceted,14,2018Q3,2018,2.3873601693306823e-07,1.4394886529697756e-07,0.0,,1.6584779354845034
multifaceted,15,2018Q4,2018,7.305529632086588e-08,1.4674233979206783e-07,0.0,,0.49784742715963487
multifaceted,16,2019Q1,2019,3.459018832397432e-07,1.4959002450784015e-07,0.0,,2.3123325527740266
multifaceted,17,2019Q2,2019,3.765145438720206e-08,1.524929714488978e-07,0.0,,0.2469061624903775
multifaceted,18,2019Q3,2019,3.248846948119813e-07,1.5545225303506513e-07,0.0,,2.08993236488311
multifaceted,19,2019Q4,2019,2.1411507986099933e-07,1.584689624975668e-07,0.0,,1.3511483667616424
multifaceted,20,2020Q1,2020,1.2229931019520072e-07,1.615442142828941e-07,0.0066251231857163,-5.762104748547712e-06,0.7570640071394434
multifaceted,21,2020Q2,2020,1.6300247427975809e-07,1.6467914446450864e-07,0.0082047179568557,-3.967525181910177e-08,0.9898185639098221
multifaceted,22,2020Q3,2020,9.23010494721626e-08,1.678749111625359e-07,0.0099446543138359,-7.431570912231053e-06,0.5498203920584479
multifaceted,23,2020Q4,2020,1.2021853686286543e-07,1.711326949716031e-07,0.0120938189286729,-4.038799536445117e-06,0.7024872534311103
multifaceted,24,2021Q1,2021,2.764366090944811e-07,1.7445369939697994e-07,0.0134601634650189,7.751100889644008e-06,1.5845843914460815
multifaceted,25,2021Q2,2021,2.9662133468724493e-07,1.7783915129918286e-07,0.015056340729309,8.067019233205678e-06,1.6679191984459716
multifaceted,26,2021Q3,2021,2.2945777619619453e-07,1.8129030134720758e-07,0.0169425234059064,3.0242832661493155e-06,1.2656925080439714
multifaceted,27,2021Q4,2021,1.8391355351852224e-07,1.8480842448055639e-07,0.0186303001379809,1.3677533025198866e-07,0.9951578454036965
multifaceted,28,2022Q1,2022,1.9801808320937675e-07,1.8839482038023346e-07,0.020437028289517,6.592687014953012e-07,1.0510802940851605
multifaceted,29,2022Q2,2022,2.2357769928710014e-07,1.9205081394887708e-07,0.0224213957963651,1.5981579816094257e-06,1.1641590821198777
multifaceted,30,2022Q3,2022,2.5451326787209667e-07,1.9577775580021225e-07,0.0255817135073226,2.4917737630681292e-06,1.3000111623090775
multifaceted,31,2022Q4,2022,2.139012333667345e-07,1.995770227580004e-07,0.0315770469630995,6.532043244329541e-07,1.0717728444426347
multifaceted,32,2023Q1,2023,2.9057004321648255e-07,2.0345001836467177e-07,0.0453715362686002,2.1235971417959543e-06,1.428213403724808
multifaceted,33,2023Q2,2023,4.5222157888319036e-07,2.073981733998285e-07,0.0783600738841893,3.3317367982611797e-06,2.1804511171435625
multifaceted,34,2023Q3,2023,6.194269767757624e-07,2.114229464088096e-07,0.1455438832721339,3.014728871701996e-06,2.9298001342675075
multifaceted,35,2023Q4,2023,7.398221337381798e-07,2.1552582424151346e-07,0.2014588297189642,2.818024360682242e-06,3.432637997519738
multifaceted,36,2024Q1,2024,9.002263044760307e-07,2.1970832260167675e-07,0.2441403906410504,3.0071126520839364e-06,4.097370066895957
multifaceted,37,2024Q2,2024,1.0622830932764946e-06,2.2397198660681244e-07,0.2684933101588826,3.3462512946968584e-06,4.742928387474435
multifaceted,38,2024Q3,2024,8.320104614618251e-07,2.2831839135901376e-07,0.3374619590875166,2.0172372719794256e-06,3.6440799031101716
multifaceted,39,2024Q4,2024,6.603885551916169e-07,2.327491425268372e-07,0.4010375087971567,1.2990818502763214e-06,2.837340443114503
multifaceted,40,2025Q1,2025,7.637191716232723e-07,2.3726587693847346e-07,0.4830392021193057,1.327142831800556e-06,3.218832735148493
multifaceted,41,2025Q2,2025,8.583021935039076e-07,2.4187026318643347e-07,0.6047204670325916,1.2612370019084608e-06,3.54860569545223
multifaceted,42,2025Q3,2025,6.750953342013423e-07,2.465640022439671e-07,0.736230847313499,8.286250956103792e-07,2.7380125568101272
multifaceted,43,2025Q4,2025,8.747132412441961e-07,2.5134882809344443e-07,0.8525674304452211,9.82510248164609e-07,3.480076863214983
multifaceted,44,2026Q1,2026,7.391713157770537e-07,2.562265083669311e-07,0.9059333633046016,7.89317381241366e-07,2.884835454723981
insights,0,2015Q1,2015,1.6566234240705256e-05,1.4901289330256238e-05,0.0,,1.1117316007728566
insights,1,2015Q2,2015,1.1931250047082716e-05,1.5112346256795656e-05,0.0,,0.7895034857156956
insights,2,2015Q3,2015,1.7188030377793345e-05,1.5326392523737308e-05,0.0,,1.1214661474429
insights,3,2015Q4,2015,1.7106527427437413e-05,1.5543470471108503e-05,0.0,,1.1005603580766758
insights,4,2016Q1,2016,1.550828968606477e-05,1.5763623038626765e-05,0.0,,0.9838023687869005
insights,5,2016Q2,2016,1.5979611724488935e-05,1.5986893774193466e-05,0.0,,0.9995444987745972
insights,6,2016Q3,2016,1.542408202559991e-05,1.621332684250806e-05,0.0,,0.9513212294691482
insights,7,2016Q4,2016,1.721336212221876e-05,1.644296703380415e-05,0.0,,1.046852559324044
insights,8,2017Q1,2017,1.6126636870075707e-05,1.667585977270945e-05,0.0,,0.9670647924533065
insights,9,2017Q2,2017,1.5867822228799402e-05,1.691205112723098e-05,0.0,,0.9382553369443042
insights,10,2017Q3,2017,1.740945305344016e-05,1.7151587817867768e-05,0.0,,1.015034481839854
insights,11,2017Q4,2017,1.8453037289205765e-05,1.73945172268525e-05,0.0,,1.0608536614467916
insights,12,2018Q1,2018,1.748986959115986e-05,1.76408874075242e-05,0.0,,0.9914393299568407
insights,13,2018Q2,2018,1.7421858380464044e-05,1.789074709383337e-05,0.0,,0.9737915520849911
insights,14,2018Q3,2018,1.6154470479137614e-05,1.8144145709982086e-05,0.0,,0.8903406496702767
insights,15,2018Q4,2018,1.8044658191253872e-05,1.840113338020044e-05,0.0,,0.9806275417072877
insights,16,2019Q1,2019,2.033134402598046e-05,1.86617609386615e-05,0.0,,1.0894654632436154
insights,17,2019Q2,2019,1.8976333011149837e-05,1.8926079939536817e-05,0.0,,1.0026552287517312
insights,18,2019Q3,2019,2.0937013665661016e-05,1.919414266719404e-05,0.0,,1.0908022321541786
insights,19,2019Q4,2019,1.8520954407976443e-05,1.946600214653934e-05,0.0,,0.9514513698576311
insights,20,2020Q1,2020,1.9119458827183042e-05,1.9741712153506043e-05,0.0066251231857163,-7.418157181871868e-05,0.9684802755969425
insights,21,2020Q2,2020,1.9201691470155502e-05,2.00213272256921e-05,0.0082047179568557,-7.987677528637868e-05,0.959061867063198
insights,22,2020Q3,2020,2.0367764916857214e-05,2.030490267314782e-05,0.0099446543138359,2.6626112212018607e-05,1.0030959145542975
insights,23,2020Q4,2020,2.1789609806394356e-05,2.0592494589316793e-05,0.0120938189286729,0.00011957820159699795,1.0581335695821241
insights,24,2021Q1,2021,1.9592444669571348e-05,2.088415986213155e-05,0.0134601634650189,-7.508162806586731e-05,0.9381485680492985
insights,25,2021Q2,2021,2.1191946467099834e-05,2.117995618526643e-05,0.015056340729309,2.1976317137038785e-05,1.000566114572123
insights,26,2021Q3,2021,2.1208454456991124e-05,2.147994206954998e-05,0.0169425234059064,5.455905622640852e-06,0.9873608778049864
insights,27,2021Q4,2021,2.360223936821035e-05,2.178417685453862e-05,0.0186303001379809,0.00011937050129411737,1.0834579394856936
insights,28,2022Q1,2022,2.1121928875666854e-05,2.2092720720254633e-05,0.020437028289517,-2.5408894036805686e-05,0.9560582937303075
insights,29,2022Q2,2022,2.2293890586056556e-05,2.2405634699090177e-05,0.0224213957963651,1.7421818613396868e-05,0.9950126780814579
insights,30,2022Q3,2022,2.341522064423289e-05,2.2722980687880106e-05,0.0255817135073226,4.97829333433047e-05,1.0304643112565777
insights,31,2022Q4,2022,2.4384740603807735e-05,2.3044821460145418e-05,0.0315770469630995,6.5478147959236e-05,1.0581440453326845
insights,32,2023Q1,2023,2.6797015096631167e-05,2.3371220678510527e-05,0.0453715362686002,9.88765859330588e-05,1.1465817496332404
insights,33,2023Q2,2023,3.4045824581634476e-05,2.3702242907296116e-05,0.0783600738841893,0.00015570290551036422,1.436396745860467
insights,34,2023Q3,2023,4.5125255258114293e-05,2.4037953625290656e-05,0.1455438832721339,0.00016892416360359105,1.8772502835115465
insights,35,2023Q4,2023,4.515874304337849e-05,2.4378419238702357e-05,0.2014588297189642,0.0001275276524277602,1.8524065322367578
insights,36,2024Q1,2024,5.2989182818640845e-05,2.472370709429502e-05,0.2441403906410504,0.00014049920679808388,2.1432539471747774
insights,37,2024Q2,2024,5.5468403681356414e-05,2.507388549270969e-05,0.2684933101588826,0.00013827789109962995,2.212198173174398
insights,38,2024Q3,2024,6.296536313705742e-05,2.5429023701975034e-05,0.3374619590875166,0.00013666034451982102,2.4761219256784517
insights,39,2024Q4,2024,6.556337575942372e-05,2.5789191971209267e-05,0.4010375087971567,0.00012496740576849297,2.5422811165475
insights,40,2025Q1,2025,7.956317227232447e-05,2.6154461544515708e-05,0.4830392021193057,0.0001367225282634926,3.042049714420825
insights,41,2025Q2,2025,8.27456958424861e-05,2.6524904675075605e-05,0.6047204670325916,0.00011949478783992052,3.1195473407389445
insights,42,2025Q3,2025,6.634345966105919e-05,2.690059463944029e-05,0.736230847313499,8.047464028768449e-05,2.4662450979351127
insights,43,2025Q4,2025,6.062435618161698e-05,2.728160575202604e-05,0.8525674304452211,6.639024307374374e-05,2.222169645462118
insights,44,2026Q1,2026,5.0633235130728176e-05,2.7668013379813757e-05,0.9059333633046016,5.301780474542089e-05,1.830027853306937
unravel,0,2015Q1,2015,1.4617265506504638e-06,1.0890802987559074e-06,0.0,,1.3421660021949184
unravel,1,2015Q2,2015,8.708941640206362e-07,1.1004020620184259e-06,0.0,,0.7914326899962255
unravel,2,2015Q3,2015,1.352357720080187e-06,1.1118415230517322e-06,0.0,,1.216322373325559
unravel,3,2015Q4,2015,8.04514903765621e-07,1.1233999054077524e-06,0.0,,0.7161429335118307
unravel,4,2016Q1,2016,1.5815819509867754e-06,1.1350784453581065e-06,0.0,,1.3933679715746883
unravel,5,2016Q2,2016,8.545246911491409e-07,1.1468783920263293e-06,0.0,,0.7450874452690214
unravel,6,2016Q3,2016,1.1194898244387033e-06,1.1588010075214887e-06,0.0,,0.966075984722462
unravel,7,2016Q4,2016,1.1898637411671953e-06,1.1708475670731702e-06,0.0,,1.0162413747346812
unravel,8,2017Q1,2017,1.2270267183753254e-06,1.183019359167877e-06,0.0,,1.0371991877110132
unravel,9,2017Q2,2017,1.1031106362266964e-06,1.1953176856868447e-06,0.0,,0.9228597965509353
unravel,10,2017Q3,2017,9.742516307277949e-07,1.2077438620452887e-06,0.0,,0.806670736523488
unravel,11,2017Q4,2017,1.230202485947051e-06,1.2202992173331025e-06,0.0,,1.0081154428957118
unravel,12,2018Q1,2018,1.5262386199832897e-06,1.2329850944570065e-06,0.0,,1.2378402843997307
unravel,13,2018Q2,2018,1.2225865530150206e-06,1.2458028502841962e-06,0.0,,0.9813643890252142
unravel,14,2018Q3,2018,1.2732587569763637e-06,1.258753855787464e-06,0.0,,1.011523222846317
unravel,15,2018Q4,2018,1.4611059264173174e-06,1.271839496191838e-06,0.0,,1.1488131409601479
unravel,16,2019Q1,2019,1.46047461812336e-06,1.285061171122744e-06,0.0,,1.1365020210262513
unravel,17,2019Q2,2019,1.28014944916487e-06,1.2984202947557089e-06,0.0,,0.9859284041811158
unravel,18,2019Q3,2019,1.516128575789246e-06,1.3119182959676202e-06,0.0,,1.1556577726290556
unravel,19,2019Q4,2019,9.99203706017997e-07,1.3255566184895493e-06,0.0,,0.7537993414091763
unravel,20,2020Q1,2020,1.3452924121472078e-06,1.3393367210611843e-06,0.0066251231857163,2.2382922452186653e-06,1.0044467466562887
unravel,21,2020Q2,2020,1.2388188045261613e-06,1.3532600775868458e-06,0.0082047179568557,-1.2594967474227969e-05,0.9154329053549278
unravel,22,2020Q3,2020,1.3229817091009974e-06,1.367328177293137e-06,0.0099446543138359,-3.0919990946906487e-06,0.9675670633220393
unravel,23,2020Q4,2020,1.112021465981505e-06,1.3815425248882296e-06,0.0120938189286729,-2.0904309487309876e-05,0.8049129476282104
unravel,24,2021Q1,2021,1.2439647409251648e-06,1.3959046407228051e-06,0.0134601634650189,-9.892212341846618e-06,0.8911530950144523
unravel,25,2021Q2,2021,9.887377822908165e-07,1.410416060952673e-06,0.015056340729309,-2.659627469100464e-05,0.701025611990669
unravel,26,2021Q3,2021,1.3439669748634252e-06,1.4250783377030661e-06,0.0169425234059064,-3.362364529949359e-06,0.9430828743278943
unravel,27,2021Q4,2021,1.4100039103086703e-06,1.4398930392346688e-06,0.0186303001379809,-1.6443586070959957e-07,0.979242118607723
unravel,28,2022Q1,2022,1.3531235685974078e-06,1.4548617501113467e-06,0.020437028289517,-3.5232681459129547e-06,0.9300702066666112
unravel,29,2022Q2,2022,1.3095265243958723e-06,1.4699860713696321e-06,0.0224213957963651,-5.686550855728061e-06,0.890842811303474
unravel,30,2022Q3,2022,1.7179645581366523e-06,1.4852676206899698e-06,0.0255817135073226,1.0581489317492049e-05,1.156670039934342
unravel,31,2022Q4,2022,1.6195379097767043e-06,1.5007080325697415e-06,0.0315770469630995,5.263880609974644e-06,1.0791825422587258
unravel,32,2023Q1,2023,1.9371336214432167e-06,1.5163089584980925e-06,0.0453715362686002,1.079138971516094e-05,1.2775322671455769
unravel,33,2023Q2,2023,1.647378608788765e-06,1.5320720671325633e-06,0.0783600738841893,3.003568148499416e-06,1.0752618262090048
unravel,34,2023Q3,2023,2.3538225117478973e-06,1.5479990444775826e-06,0.1455438832721339,7.084634794147725e-06,1.5205581167152873
unravel,35,2023Q4,2023,2.515395254709811e-06,1.5640915940647897e-06,0.2014588297189642,6.2861663821100375e-06,1.6082148029277212
unravel,36,2024Q1,2024,3.042144063401759e-06,1.580351437135246e-06,0.2441403906410504,7.567859781937262e-06,1.9249794646413279
unravel,37,2024Q2,2024,2.009724771063638e-06,1.5967803128235355e-06,0.2684933101588826,3.1347868203068704e-06,1.2586106898511957
unravel,38,2024Q3,2024,2.198884791006252e-06,1.613379978343782e-06,0.3374619590875166,3.3484046141446622e-06,1.3629057137944163
unravel,39,2024Q4,2024,2.271736629859162e-06,1.6301522091776008e-06,0.4010375087971567,3.2299637146048204e-06,1.393573322214639
unravel,40,2025Q1,2025,2.12750340666483e-06,1.6470987992639916e-06,0.4830392021193057,2.641644594497778e-06,1.2916671468739507
unravel,41,2025Q2,2025,1.662960499913821e-06,1.664221561191232e-06,0.6047204670325916,1.6621361988690352e-06,0.9992422515686503
unravel,42,2025Q3,2025,1.963913699494814e-06,1.68152232639074e-06,0.736230847313499,2.065085952031418e-06,1.1679379266466272
unravel,43,2025Q4,2025,1.4802839467209473e-06,1.6990029453329637e-06,0.8525674304452211,1.4424613618739301e-06,0.8712662628320795
unravel,44,2026Q1,2026,1.071798407876728e-06,1.716665287725306e-06,0.9059333633046016,1.00483933454893e-06,0.624349088631559
elucidate,0,2015Q1,2015,4.385179651951392e-06,3.908391693335759e-06,0.0,,1.121990833065327
elucidate,1,2015Q2,2015,4.09320257089699e-06,3.899738421096272e-06,0.0,,1.0496095196421746
elucidate,2,2015Q3,2015,3.969824275074097e-06,3.891104307407494e-06,0.0,,1.0202307523642438
elucidate,3,2015Q4,2015,3.8108600704687307e-06,3.8824893098519396e-06,0.0,,0.9815506924381099
elucidate,4,2016Q1,2016,3.3388952298609703e-06,3.873893386106034e-06,0.0,,0.861896520393703
elucidate,5,2016Q2,2016,3.4180987645965637e-06,3.865316493939901e-06,0.0,,0.8842998419289877
elucidate,6,2016Q3,2016,4.312108953393524e-06,3.856758591217184e-06,0.0,,1.1180655598235494
elucidate,7,2016Q4,2016,3.6885775976183053e-06,3.848219635894797e-06,0.0,,0.9585153516739511
elucidate,8,2017Q1,2017,3.6372577723268578e-06,3.839699586022744e-06,0.0,,0.9472766529879539
elucidate,9,2017Q2,2017,4.0730238876062636e-06,3.831198399743909e-06,0.0,,1.0631200639148626
elucidate,10,2017Q3,2017,3.2616250246104435e-06,3.822716035293846e-06,0.0,,0.8532218962896958
elucidate,11,2017Q4,2017,3.421500664040236e-06,3.81425245100058e-06,0.0,,0.8970304687469455
elucidate,12,2018Q1,2018,4.537466167517889e-06,3.805807605284395e-06,0.0,,1.1922479111181499
elucidate,13,2018Q2,2018,4.240847105770853e-06,3.7973814566576295e-06,0.0,,1.1167819599307656
elucidate,14,2018Q3,2018,3.660618926307046e-06,3.7889739637244962e-06,0.0,,0.9661240645498447
elucidate,15,2018Q4,2018,3.98151364948719e-06,3.780585085180838e-06,0.0,,1.0531474784402957
elucidate,16,2019Q1,2019,3.535885917561819e-06,3.7722147798139538e-06,0.0,,0.9373501043692453
elucidate,17,2019Q2,2019,4.518174526464247e-06,3.763863006502388e-06,0.0,,1.2004088668101691
elucidate,18,2019Q3,2019,3.898616337743775e-06,3.7555297242157293e-06,0.0,,1.0381002479105466
elucidate,19,2019Q4,2019,3.1760403512714903e-06,3.747214892014408e-06,0.0,,0.8475735827266985
elucidate,20,2020Q1,2020,3.709745742587755e-06,3.7389184690494962e-06,0.0066251231857163,-6.644300640974134e-07,0.9921975494509359
elucidate,21,2020Q2,2020,3.651255423866581e-06,3.7306404145625e-06,0.0082047179568557,-5.94488909338192e-06,0.9787208141567221
elucidate,22,2020Q3,2020,3.6612749623957834e-06,3.722380687885185e-06,0.0099446543138359,-2.4221994615108463e-06,0.9835842353018122
elucidate,23,2020Q4,2020,3.366119032160232e-06,3.7141392484393376e-06,0.0120938189286729,-2.5062562166693826e-05,0.9062985545236781
elucidate,24,2021Q1,2021,3.8701125273227355e-06,3.7059160557365924e-06,0.0134601634650189,1.590461423743898e-05,1.04430658145426
elucidate,25,2021Q2,2021,3.987909055239626e-06,3.697711069378225e-06,0.015056340729309,2.297184886147105e-05,1.0784804384162439
elucidate,26,2021Q3,2021,4.851392982433827e-06,3.689524249054957e-06,0.0169425234059064,7.226660131974838e-05,1.3149101767460871
elucidate,27,2021Q4,2021,4.904361427160592e-06,3.681355554546753e-06,0.0186303001379809,6.93274194158875e-05,1.3322161781149704
elucidate,28,2022Q1,2022,4.323394816738059e-06,3.673204945722628e-06,0.020437028289517,3.5487510910594296e-05,1.1770088738916036
elucidate,29,2022Q2,2022,3.896639901860889e-06,3.665072382540439e-06,0.0224213957963651,1.3993043104059513e-05,1.0631822499396149
elucidate,30,2022Q3,2022,3.499557433241329e-06,3.65695782504672e-06,0.0255817135073226,-2.4958900582796215e-06,0.9569586527010658
elucidate,31,2022Q4,2022,4.73638445312055e-06,3.6488612333764407e-06,0.0315770469630995,3.808916912584573e-05,1.298044554228712
elucidate,32,2023Q1,2023,4.0679806050307555e-06,3.6407825677528403e-06,0.0453715362686002,1.305633408773877e-05,1.117336871765344
elucidate,33,2023Q2,2023,5.265151239854288e-06,3.632721788487225e-06,0.0783600738841893,2.4465135164968712e-05,1.4493681449926985
elucidate,34,2023Q3,2023,6.039413023563684e-06,3.6246788559787723e-06,0.1455438832721339,2.0215786041637055e-05,1.66619258244131
elucidate,35,2023Q4,2023,5.859391299206384e-06,3.6166537307143373e-06,0.2014588297189642,1.4749139567253117e-05,1.6201139880895028
elucidate,36,2024Q1,2024,7.357021867614458e-06,3.608646373268258e-06,0.2441403906410504,1.8962007136327257e-05,2.0387206466427448
elucidate,37,2024Q2,2024,8.727947577190658e-06,3.6006567443021548e-06,0.2684933101588826,2.269718778954271e-05,2.4239876769709205
elucidate,38,2024Q3,2024,7.725811427859804e-06,3.5926848045647637e-06,0.3374619590875166,1.584036639353807e-05,2.15042839773854
elucidate,39,2024Q4,2024,5.811419285686228e-06,3.5847305148917056e-06,0.4010375087971567,9.13705098853791e-06,1.6211593204968688
elucidate,40,2025Q1,2025,5.946099264781191e-06,3.5767938362053173e-06,0.4830392021193057,8.48178999010067e-06,1.6624103979919376
elucidate,41,2025Q2,2025,4.050113475596564e-06,3.5688747295144556e-06,0.6047204670325916,4.364678364942214e-06,1.1348432720549932
elucidate,42,2025Q3,2025,4.940470400291641e-06,3.560973155914304e-06,0.736230847313499,5.434702366543161e-06,1.3873933287270575
elucidate,43,2025Q4,2025,4.508137474104703e-06,3.553089076586182e-06,0.8525674304452211,4.673291846963867e-06,1.268793823327428
elucidate,44,2026Q1,2026,4.656779289395438e-06,3.5452224527973554e-06,0.9059333633046016,4.772196622887992e-06,1.3135365555752387
myriad,0,2015Q1,2015,8.858948791820993e-07,8.532081172442466e-07,0.0,,1.0383104207252818
myriad,1,2015Q2,2015,7.838047476185726e-07,8.733565984519739e-07,0.0,,0.8974624443301487
myriad,2,2015Q3,2015,7.416155239149413e-07,8.93980885370844e-07,0.0,,0.8295653028501856
myriad,3,2015Q4,2015,6.774862347499965e-07,9.150922141368425e-07,0.0,,0.7403475019061692
myriad,4,2016Q1,2016,9.66522303380807e-07,9.367020862269315e-07,0.0,,1.0318353269330194
myriad,5,2016Q2,2016,1.4099657403960824e-06,9.588222747250673e-07,0.0,,1.4705183406386506
myriad,6,2016Q3,2016,9.53639480077414e-07,9.814648307361912e-07,0.0,,0.9716491617555918
myriad,7,2016Q4,2016,1.6261471129285001e-06,1.0046420899516851e-06,0.0,,1.6186332716825593
myriad,8,2017Q1,2017,1.0955595699779691e-06,1.0283666793698715e-06,0.0,,1.0653394280037058
myriad,9,2017Q2,2017,1.187965300551827e-06,1.0526515241752143e-06,0.0,,1.1285456518790824
myriad,10,2017Q3,2017,9.318928641744124e-07,1.0775098547799831e-06,0.0,,0.8648578572533759
myriad,11,2017Q4,2017,8.457642090885975e-07,1.102955214032186e-06,0.0,,0.7668164566688532
myriad,12,2018Q1,2018,1.03124231079952e-06,1.1290014645937366e-06,0.0,,0.913410959276838
myriad,13,2018Q2,2018,1.3754098721418984e-06,1.1556627964928465e-06,0.0,,1.190148091913948
myriad,14,2018Q3,2018,1.193680084665341e-06,1.1829537348547702e-06,0.0,,1.0090674296842959
myriad,15,2018Q4,2018,8.401359076899576e-07,1.2108891478151102e-06,0.0,,0.6938173566142467
myriad,16,2019Q1,2019,1.575775245869941e-06,1.2394842546199949e-06,0.0,,1.271315258742877
myriad,17,2019Q2,2019,1.0165892684544556e-06,1.2687546339175418e-06,0.0,,0.8012496989394446
myriad,18,2019Q3,2019,1.443931976942139e-06,1.2987162322451237e-06,0.0,,1.1118148376770323
myriad,19,2019Q4,2019,1.4274338657399957e-06,1.3293853727170615e-06,0.0,,1.0737547554194447
myriad,20,2020Q1,2020,1.14146022848854e-06,1.3607787639174755e-06,0.0066251231857163,-3.174329028973938e-05,0.8388286610252862
myriad,21,2020Q2,2020,1.6300247427975809e-06,1.3929135090031425e-06,0.0082047179568557,3.0292290067866184e-05,1.1702268175747181
myriad,22,2020Q3,2020,1.7537199399710894e-06,1.4258071150213154e-06,0.0099446543138359,3.439958524761585e-05,1.22998400098801
myriad,23,2020Q4,2020,1.4726770765701014e-06,1.4594775024475842e-06,0.0120938189286729,2.5509089353444895e-06,1.0090440408299417
myriad,24,2021Q1,2021,1.3476284693355954e-06,1.4939430149489706e-06,0.0134601634650189,-9.376247825870045e-06,0.9020614948834759
myriad,25,2021Q2,2021,1.4831066734362247e-06,1.5292224293775817e-06,0.015056340729309,-1.5336569760802843e-06,0.9698436571060974
myriad,26,2021Q3,2021,1.2456279279221988e-06,1.5653349660002574e-06,0.0169425234059064,-1.7304760734537724e-05,0.7957580677476503
myriad,27,2021Q4,2021,1.5019606870679316e-06,1.6023002989698054e-06,0.0186303001379809,-3.7835287622225594e-06,0.9373777737129633
myriad,28,2022Q1,2022,1.5181386379385553e-06,1.6401385670434871e-06,0.020437028289517,-4.329414705411031e-06,0.9256160841794917
myriad,29,2022Q2,2022,1.2456471817424152e-06,1.6788703845546472e-06,0.0224213957963651,-1.76429955129496e-05,0.7419555393925464
myriad,30,2022Q3,2022,1.6543362411686282e-06,1.7185168526434239e-06,0.0255817135073226,-7.90330393121573e-07,0.9626534872927938
myriad,31,2022Q4,2022,1.130620804938454e-06,1.7590995707526758e-06,0.0315770469630995,-1.81439257675145e-05,0.6427270085994558
myriad,32,2023Q1,2023,1.6142780178693473e-06,1.8006406483953834e-06,0.0453715362686002,-2.306838309838836e-06,0.8965020418193321
myriad,33,2023Q2,2023,1.130553947207976e-06,1.843162717199938e-06,0.0783600738841893,-7.250866099632827e-06,0.6133771786169102
myriad,34,2023Q3,2023,2.013137674521228e-06,1.8866889432398803e-06,0.1455438832721339,2.7554903551474998e-06,1.0670215043843985
myriad,35,2023Q4,2023,1.6276086942239956e-06,1.931243039654804e-06,0.2014588297189642,4.2406489385509137e-07,0.8427777658242948
myriad,36,2024Q1,2024,1.5831566044233643e-06,1.976849279569303e-06,0.2441403906410504,3.642825342134766e-07,0.8008484110474458
myriad,37,2024Q2,2024,1.7226212323402614e-06,2.023532509316998e-06,0.2684933101588826,9.027921944142898e-07,0.8512940733142443
myriad,38,2024Q3,2024,1.9611675163028734e-06,2.071318161976849e-06,0.3374619590875166,1.744909087686465e-06,0.946820991725941
myriad,39,2024Q4,2024,1.4264392792138924e-06,2.120232271229126e-06,0.4010375087971567,3.902370044618185e-07,0.6727750061020282
myriad,40,2025Q1,2025,1.2001301268365708e-06,2.170301485538591e-06,0.4830392021193057,1.6182814746281741e-07,0.5529785307863536
myriad,41,2025Q2,2025,1.2606313467088643e-06,2.2215530826726063e-06,0.6047204670325916,6.325184983479572e-07,0.5674549739735594
myriad,42,2025Q3,2025,1.2274460621842586e-06,2.274014984562112e-06,0.736230847313499,8.524922024119536e-07,0.539770437097897
myriad,43,2025Q4,2025,1.4802839467209473e-06,2.3277157725135046e-06,0.8525674304452211,1.3337394657362001e-06,0.6359384441179058
myriad,44,2026Q1,2026,1.2196326710321385e-06,2.38268470277978e-06,0.9059333633046016,1.098868388183373e-06,0.5118732955347568
plethora,0,2015Q1,2015,2.8348636133827176e-06,2.50727288451779e-06,0.0,,1.1306561925858865
plethora,1,2015Q2,2015,2.8304060330670674e-06,2.5698019086442754e-06,0.0,,1.1014101995745953
plethora,2,2015Q3,2015,2.13759768657836e-06,2.6338903477360616e-06,0.0,,0.8115742891178876
plethora,3,2015Q4,2015,2.498230490640612e-06,2.6995770921335626e-06,0.0,,0.9254155022726839
plethora,4,2016Q1,2016,3.1631639019735507e-06,2.7669020020656556e-06,0.0,,1.1432150107275438
plethora,5,2016Q2,2016,2.5635740734474225e-06,2.8359059318377667e-06,0.0,,0.9039700663788014
plethora,6,2016Q3,2016,2.8194558541419195e-06,2.9066307546232335e-06,0.0,,0.9700082646057965
plethora,7,2016Q4,2016,3.172969976445854e-06,2.979119387872891e-06,0.0,,1.065069761675907
plethora,8,2017Q1,2017,3.19903394433567e-06,3.0534158193583735e-06,0.0,,1.047690237292311
plethora,9,2017Q2,2017,3.648750565980611e-06,3.1295651338649084e-06,0.0,,1.1658969888492225
plethora,10,2017Q3,2017,3.0498311918435315e-06,3.2076135405498e-06,0.0,,0.950810050303247
plethora,11,2017Q4,2017,3.0370623871817823e-06,3.2876084009832126e-06,0.0,,0.9237907976733176
plethora,12,2018Q1,2018,2.6812300080787523e-06,3.369598257888264e-06,0.0,,0.7957120709574103
plethora,13,2018Q2,2018,3.362113020791307e-06,3.453632864597849e-06,0.0,,0.9735004132185895
plethora,14,2018Q3,2018,3.262725564751932e-06,3.5397632152461372e-06,0.0,,0.9217355417161875
plethora,15,2018Q4,2018,4.018041297647623e-06,3.6280415757129675e-06,0.0,,1.1074959351473295
plethora,16,2019Q1,2019,4.266123226623499e-06,3.7185215153399934e-06,0.0,,1.1472632897307404
plethora,17,2019Q2,2019,4.141659982592226e-06,3.8112579394377905e-06,0.0,,1.0866910737621642
plethora,18,2019Q3,2019,4.223501032555757e-06,3.906307122603666e-06,0.0,,1.0812004535221162
plethora,19,2019Q4,2019,3.4972129710629895e-06,4.003726742870385e-06,0.0,,0.8734894251438695
plethora,20,2020Q1,2020,4.484308040490693e-06,4.103575916706501e-06,0.0066251231857163,6.15715071704297e-05,1.092780572727838
plethora,21,2020Q2,2020,4.5966697746891776e-06,4.2059152348896334e-06,0.0082047179568557,5.183150600526307e-05,1.0929059474518388
plethora,22,2020Q3,2020,4.861188605533897e-06,4.310806799274316e-06,0.0099446543138359,5.965529529434853e-05,1.1276748951848719
plethora,23,2020Q4,2020,4.718577571867468e-06,4.418314260476842e-06,0.0120938189286729,2.924614682201286e-05,1.0679587946191542
plethora,24,2021Q1,2021,3.904667103459546e-06,4.528502856499921e-06,0.0134601634650189,-4.1818315639548636e-05,0.8622423849981763
plethora,25,2021Q2,2021,4.251572463850511e-06,4.6414394523206025e-06,0.015056340729309,-2.125243446295075e-05,0.916003000259937
plethora,26,2021Q3,2021,4.785833617806343e-06,4.757192580465485e-06,0.0169425234059064,6.447674963442315e-06,1.0060205755508966
plethora,27,2021Q4,2021,4.62849109688281e-06,4.875832482597835e-06,0.0186303001379809,-8.400463867066414e-06,0.9492719681002572
plethora,28,2022Q1,2022,6.072554551754221e-06,4.997431152141815e-06,0.020437028289517,5.7604071627551905e-05,1.2151352098470884
plethora,29,2022Q2,2022,4.056338258494531e-06,5.122062377969802e-06,0.0224213957963651,-4.2409506537469575e-05,0.7919345683764037
plethora,30,2022Q3,2022,4.453982187761692e-06,5.249801789179138e-06,0.0255817135073226,-2.5859122997647512e-05,0.8484095908044024
plethora,31,2022Q4,2022,5.19474423890641e-06,5.380726900985619e-06,0.0315770469630995,-5.090785104116469e-07,0.9654354020373824
plethora,32,2023Q1,2023,4.035695044673369e-06,5.514917161761508e-06,0.0453715362686002,-2.708750803123001e-05,0.7317779988891684
plethora,33,2023Q2,2023,5.523563570644682e-06,5.6524540012466424e-06,0.0783600738841893,4.007605748647356e-06,0.9771974383916201
plethora,34,2023Q3,2023,4.924444465367311e-06,5.7934208799618715e-06,0.1455438832721339,-1.7712487612306507e-07,0.850006337775294
plethora,35,2023Q4,2023,5.445090904313003e-06,5.937903339854831e-06,0.2014588297189642,3.4916842476993643e-06,0.9170056487389915
plethora,36,2024Q1,2024,5.804907549552336e-06,6.085989056208728e-06,0.2441403906410504,4.934678099761318e-06,0.9538149832245193
plethora,37,2024Q2,2024,5.22528440476546e-06,6.237767890845785e-06,0.2684933101588826,2.4667857182129486e-06,0.8376849693996803
plethora,38,2024Q3,2024,5.318924021488097e-06,6.393331946657415e-06,0.3374619590875166,3.209542200179102e-06,0.8319486718140696
plethora,39,2024Q4,2024,4.886875308417965e-06,6.552775623494393e-06,0.4010375087971567,2.3987993032419295e-06,0.7457718055989143
plethora,40,2025Q1,2025,3.4912876417063877e-06,6.716195675450855e-06,0.4830392021193057,3.9909321061034696e-08,0.5198311381051326
plethora,41,2025Q2,2025,3.942825701408576e-06,6.8836912695769135e-06,0.6047204670325916,2.0205094715481753e-06,0.5727778232638419
plethora,42,2025Q3,2025,3.283418216342892e-06,7.055364046055516e-06,0.736230847313499,1.932044582498091e-06,0.4653789931900923
plethora,43,2025Q4,2025,2.6914253576744497e-06,7.23131817988e-06,0.8525674304452211,1.9063518955888407e-06,0.37219014441418374
plethora,44,2026Q1,2026,2.3653482104865715e-06,7.411660444069951e-06,0.9059333633046016,1.8413696942340166e-06,0.31913877171465405
holistic,0,2015Q1,2015,2.657684637546298e-07,3.3529061764571047e-07,0.0,,0.7926510608043849
holistic,1,2015Q2,2015,2.1772354100515904e-07,3.423137502023862e-07,0.0,,0.6360350435132516
holistic,2,2015Q3,2015,3.053710980826229e-07,3.49483992127213e-07,0.0,,0.873777068368462
holistic,3,2015Q4,2015,5.504575657343722e-07,3.568044248323691e-07,0.0,,1.5427431035727308
holistic,4,2016Q1,2016,5.711268156341133e-07,3.6427819427453777e-07,0.0,,1.567831466748966
holistic,5,2016Q2,2016,4.699885801320275e-07,3.71908512306878e-07,0.0,,1.263720954427145
holistic,6,2016Q3,2016,2.0731293045161172e-07,3.796986580593233e-07,0.0,,0.5459933187839225
holistic,7,2016Q4,2016,5.949318705835977e-07,3.876519793477833e-07,0.0,,1.5347061340549806
holistic,8,2017Q1,2017,6.135133591876627e-07,3.9577189411287295e-07,0.0,,1.5501690956677447
holistic,9,2017Q2,2017,2.5456399297539147e-07,4.0406189188876775e-07,0.0,,0.6300123770282924
holistic,10,2017Q3,2017,4.235876655338238e-07,4.1252553530283673e-07,0.0,,1.0268156254202938
holistic,11,2017Q4,2017,3.459944491726081e-07,4.211664616066763e-07,0.0,,0.8215147233060768
holistic,12,2018Q1,2018,6.599950789116929e-07,4.299883842392245e-07,0.0,,1.5349137397732677
holistic,13,2018Q2,2018,3.438524680354746e-07,4.3899509442260977e-07,0.0,,0.7832717777580819
holistic,14,2018Q3,2018,3.581040253996023e-07,4.481904627914264e-07,0.0,,0.7989996555688703
holistic,15,2018Q4,2018,4.018041297647623e-07,4.5757844105614596e-07,0.0,,0.8781098358509858
holistic,16,2019Q1,2019,6.918037664794864e-07,4.6716306370135837e-07,0.0,,1.4808614383985914
holistic,17,2019Q2,2019,5.647718158080309e-07,4.769484497195992e-07,0.0,,1.1841359713823656
holistic,18,2019Q3,2019,6.497693896239626e-07,4.8693880438148e-07,0.0,,1.3343964041833007
holistic,19,2019Q4,2019,2.8548677314799915e-07,4.971384210429109e-07,0.0,,0.5742601276905877
holistic,20,2020Q1,2020,4.4843080404906926e-07,5.075516829901633e-07,0.0066251231857163,-8.416188643613583e-06,0.8835175196488515
holistic,21,2020Q2,2020,1.0106153405345e-06,5.181830653235943e-07,0.0082047179568557,6.0536367456346944e-05,1.9503056123676916
holistic,22,2020Q3,2020,4.922722638515339e-07,5.290371368808186e-07,0.0099446543138359,-3.167911180179745e-06,0.9305060638161454
holistic,23,2020Q4,2020,8.41529758040058e-07,5.401185622001642e-07,0.0120938189286729,2.546286609278261e-05,1.5580463567334182
holistic,24,2021Q1,2021,6.219823704625824e-07,5.514321035252646e-07,0.0134601634650189,5.792844447488854e-06,1.1279400790891483
holistic,25,2021Q2,2021,8.239481519090137e-07,5.629826228516261e-07,0.015056340729309,1.789558247225503e-05,1.4635410019150181
holistic,26,2021Q3,2021,8.52271740157294e-07,5.747750840160785e-07,0.0169425234059064,1.695348382137431e-05,1.4827917282048588
holistic,27,2021Q4,2021,7.35654214074089e-07,5.868145548299765e-07,0.0186303001379809,8.57593218266028e-06,1.2536400265109942
holistic,28,2022Q1,2022,1.3531235685974078e-06,5.991062092571001e-07,0.020437028289517,3.749377350915385e-05,2.258570429899733
holistic,29,2022Q2,2022,1.0540091537820435e-06,6.116553296371585e-07,0.0224213957963651,2.0340749279113684e-05,1.723207667310436
holistic,30,2022Q3,2022,6.044690111962295e-07,6.244673089558834e-07,0.0255817135073226,-1.5727460813381616e-07,0.9679754288609739
holistic,31,2022Q4,2022,7.944902953621568e-07,6.375476531626573e-07,0.0315770469630995,5.607697090597403e-06,1.2461661358503326
holistic,32,2023Q1,2023,1.5497068971545734e-06,6.509019835367037e-07,0.0453715362686002,2.0460786936449266e-05,2.3808606155018532
holistic,33,2023Q2,2023,5.16824661580789e-07,6.645360391028281e-07,0.0783600738841893,-1.220497629195472e-06,0.7777225480179221
holistic,34,2023Q3,2023,1.4246820465842537e-06,6.784556790977623e-07,0.1455438832721339,5.805612868460492e-06,2.0998896324058385
holistic,35,2023Q4,2023,1.0061581018839246e-06,6.926668854881789e-07,0.2014588297189642,2.24877250187177e-06,1.4525858287202555
holistic,36,2024Q1,2024,9.93353163559758e-07,7.071757655414334e-07,0.2441403906410504,1.8793595130438267e-06,1.40467647784737
holistic,37,2024Q2,2024,2.7274836178720805e-06,7.219885544501721e-07,0.2684933101588826,8.191430017386974e-06,3.7777380279237063
holistic,38,2024Q3,2024,1.2183010328548155e-06,7.371116180118975e-07,0.3374619590875166,2.163018751793834e-06,1.6528040029280222
holistic,39,2024Q4,2024,1.8490879545365273e-06,7.5255145536468e-07,0.4010375087971567,3.4868006842229e-06,2.457091726226847
holistic,40,2025Q1,2025,2.2093304607673235e-06,7.683147017801527e-07,0.4830392021193057,3.7515420519927236e-06,2.875554060918525
holistic,41,2025Q2,2025,1.2338094031618672e-06,7.844081315150298e-07,0.6047204670325916,1.5275635167661409e-06,1.57291766057913
holistic,42,2025Q3,2025,1.4729352746211104e-06,8.008386607223398e-07,0.736230847313499,1.7137270792818801e-06,1.8392409693265226
holistic,43,2025Q4,2025,1.244784227924433e-06,8.176133504236387e-07,0.8525674304452211,1.3186539276806429e-06,1.5224607417179032
holistic,44,2026Q1,2026,1.7000940262872233e-06,8.347394095434947e-07,0.9059333633046016,1.789947211568963e-06,2.036676364923248
